prescription_id,hosp_id,patient_amka,doctor_amka,drug_id,dosage,frequency,start_datetime,end_datetime
1,1179,30000000175,10000000046,EMA0061936,1 tablet,TID,2025-07-05 13:00:00,2025-07-06 22:00:00
2,411,30000000010,10000000049,EMA0053000,1 tablet,Q8H,2025-11-24 00:00:00,2025-11-29 11:00:00
3,1099,30000000452,10000000005,EMA0009015,1 tablet,TID,2026-03-17 05:00:00,2026-03-18 05:00:00
4,942,30000000294,10000000058,EMA0050465,1 tablet,BID,2026-06-03 21:00:00,2026-06-09 21:00:00
5,451,30000000135,10000000095,EMA0055721,1 tablet,BID,2025-07-18 07:00:00,2025-07-24 07:00:00
6,998,30000000267,10000000032,EMA0095093,40 mg,Q6H,2026-12-14 09:00:00,2026-12-17 15:00:00
7,1008,30000000451,10000000056,EMA0092333,40 mg,Q6H,2025-03-03 07:00:00,2025-03-06 07:00:00
8,255,30000000357,10000000021,EMA0025397,1 vial,Q8H,2025-04-10 19:00:00,2025-04-15 19:00:00
9,263,30000000102,10000000075,EMA0030521,40 mg,TID,2025-06-06 01:00:00,2025-06-07 01:00:00
10,392,30000000001,10000000124,EMA0071277,500 mg,QD,2026-11-29 09:00:00,2026-12-05 18:00:00
11,37,30000000305,10000000057,EMA0075525,1 tablet,Q8H,2026-05-13 09:00:00,2026-05-17 09:00:00
12,1082,30000000341,10000000035,EMA0063912,1 tablet,Q6H,2025-06-28 21:00:00,2025-07-02 21:00:00
13,977,30000000041,10000000101,EMA0043826,1 capsule,QD,2025-09-27 18:00:00,2025-09-28 17:00:00
14,359,30000000316,10000000109,EMA0033125,500 mg,TID,2026-10-10 02:00:00,2026-10-12 07:00:00
15,11,30000000211,10000000013,EMA0051398,40 mg,Q6H,2026-03-02 19:00:00,2026-03-04 16:00:00
16,627,30000000408,10000000038,EMA0042640,40 mg,Q8H,2025-11-23 04:00:00,2025-11-24 04:00:00
17,1002,30000000331,10000000064,EMA0076868,40 mg,TID,2025-01-29 16:00:00,2025-02-02 16:00:00
18,85,30000000438,10000000094,EMA0050853,500 mg,QD,2026-07-14 08:00:00,2026-07-20 08:00:00
19,443,30000000088,10000000000,EMA0056450,500 mg,BID,2025-10-19 03:00:00,2025-10-19 20:00:00
20,1197,30000000296,10000000114,EMA0032984,1 tablet,BID,2026-07-17 18:00:00,2026-07-22 18:00:00
21,356,30000000327,10000000065,EMA0059060,500 mg,Q8H,2025-01-05 13:00:00,2025-01-07 13:00:00
22,1177,30000000352,10000000049,EMA0086337,40 mg,Q8H,2025-05-27 05:00:00,2025-05-28 05:00:00
23,346,30000000459,10000000087,EMA0091011,500 mg,QD,2025-04-29 22:00:00,2025-05-01 22:00:00
24,405,30000000122,10000000044,EMA0086511,500 mg,QD,2026-04-03 07:00:00,2026-04-04 07:00:00
25,379,30000000198,10000000020,EMA0062336,500 mg,Q8H,2025-04-09 11:00:00,2025-04-16 11:00:00
26,790,30000000266,10000000108,EMA0050818,40 mg,Q6H,2026-02-10 18:00:00,2026-02-12 18:00:00
27,886,30000000027,10000000024,EMA0070711,40 mg,QD,2026-12-08 05:00:00,2026-12-14 09:00:00
28,736,30000000055,10000000072,EMA0004883,1 capsule,TID,2026-07-06 10:00:00,2026-07-13 10:00:00
29,908,30000000230,10000000063,EMA0074928,1 tablet,Q8H,2026-11-12 13:00:00,2026-11-14 13:00:00
30,1008,30000000451,10000000056,EMA0091806,500 mg,QD,2025-03-02 23:00:00,2025-03-06 10:00:00
31,543,30000000181,10000000033,EMA0092736,1 capsule,QD,2025-03-25 18:00:00,2025-03-30 18:00:00
32,773,30000000313,10000000121,EMA0007975,1 tablet,QD,2025-11-30 05:00:00,2025-12-03 12:00:00
33,817,30000000490,10000000031,EMA0087241,500 mg,Q6H,2026-10-06 22:00:00,2026-10-09 22:00:00
34,522,30000000334,10000000096,EMA0049056,1 capsule,Q6H,2025-09-07 19:00:00,2025-09-11 01:00:00
35,117,30000000240,10000000082,EMA0094411,1 vial,TID,2026-07-22 21:00:00,2026-07-23 21:00:00
36,287,30000000380,10000000057,EMA0072618,40 mg,Q6H,2026-09-27 14:00:00,2026-09-28 00:00:00
37,306,30000000353,10000000055,EMA0093660,500 mg,Q8H,2026-07-24 05:00:00,2026-07-26 05:00:00
38,703,30000000449,10000000021,EMA0070704,1 capsule,Q6H,2025-11-26 09:00:00,2025-11-27 09:00:00
39,309,30000000246,10000000080,EMA0010373,500 mg,Q8H,2025-03-19 16:00:00,2025-03-23 16:00:00
40,1031,30000000418,10000000098,EMA0095624,1 tablet,BID,2026-12-05 16:00:00,2026-12-07 12:00:00
41,82,30000000260,10000000093,EMA0080693,1 tablet,TID,2026-06-05 10:00:00,2026-06-07 10:00:00
42,363,30000000153,10000000054,EMA0058276,500 mg,Q6H,2025-09-18 13:00:00,2025-09-22 13:00:00
43,1165,30000000476,10000000057,EMA0053665,500 mg,Q6H,2026-05-06 11:00:00,2026-05-08 00:00:00
44,1189,30000000373,10000000085,EMA0059540,1 tablet,Q8H,2026-04-15 21:00:00,2026-04-18 21:00:00
45,333,30000000234,10000000000,EMA0061680,1 vial,QD,2026-04-11 02:00:00,2026-04-16 03:00:00
46,578,30000000103,10000000127,EMA0056591,500 mg,TID,2026-01-03 20:00:00,2026-01-07 20:00:00
47,724,30000000252,10000000056,EMA0017444,1 capsule,QD,2026-05-06 22:00:00,2026-05-08 22:00:00
48,362,30000000281,10000000055,EMA0043585,1 capsule,QD,2025-01-27 13:00:00,2025-01-28 23:00:00
49,1123,30000000383,10000000066,EMA0067358,1 tablet,BID,2025-07-25 01:00:00,2025-07-26 11:00:00
50,596,30000000276,10000000091,EMA0004753,1 vial,Q6H,2025-02-24 00:00:00,2025-03-03 00:00:00
51,964,30000000112,10000000035,EMA0045343,500 mg,BID,2025-04-27 07:00:00,2025-05-03 01:00:00
52,611,30000000106,10000000038,EMA0002675,1 capsule,QD,2026-11-22 17:00:00,2026-11-26 19:00:00
53,728,30000000038,10000000022,EMA0069574,1 capsule,TID,2025-06-18 10:00:00,2025-06-24 10:00:00
54,111,30000000393,10000000121,EMA0062313,1 vial,Q8H,2026-04-26 05:00:00,2026-04-30 05:00:00
55,965,30000000288,10000000021,EMA0046136,40 mg,TID,2025-04-26 17:00:00,2025-04-28 13:00:00
56,384,30000000253,10000000074,EMA0073213,1 vial,QD,2025-08-30 09:00:00,2025-09-01 09:00:00
57,613,30000000428,10000000117,EMA0090215,500 mg,Q8H,2026-04-01 08:00:00,2026-04-03 08:00:00
58,383,30000000003,10000000093,EMA0061799,1 tablet,BID,2025-01-26 09:00:00,2025-01-27 09:00:00
59,770,30000000025,10000000075,EMA0068826,1 tablet,BID,2025-09-22 17:00:00,2025-09-24 17:00:00
60,511,30000000380,10000000009,EMA0071246,500 mg,Q8H,2026-07-22 22:00:00,2026-07-25 14:00:00
61,503,30000000213,10000000006,EMA0034140,500 mg,QD,2026-01-04 19:00:00,2026-01-08 04:00:00
62,388,30000000014,10000000108,EMA0010197,500 mg,Q8H,2026-07-06 21:00:00,2026-07-09 01:00:00
63,502,30000000003,10000000123,EMA0066488,1 vial,BID,2025-12-02 11:00:00,2025-12-03 11:00:00
64,303,30000000135,10000000130,EMA0060807,1 tablet,QD,2025-03-14 00:00:00,2025-03-19 00:00:00
65,461,30000000426,10000000101,EMA0074370,500 mg,BID,2025-04-08 03:00:00,2025-04-14 03:00:00
66,897,30000000361,10000000008,EMA0028727,500 mg,TID,2026-05-10 06:00:00,2026-05-16 06:00:00
67,3,30000000489,10000000039,EMA0013352,40 mg,QD,2025-09-03 09:00:00,2025-09-05 09:00:00
68,713,30000000411,10000000050,EMA0018405,500 mg,TID,2025-04-09 12:00:00,2025-04-14 12:00:00
69,663,30000000479,10000000045,EMA0088481,1 vial,Q8H,2026-06-05 16:00:00,2026-06-07 13:00:00
70,895,30000000098,10000000059,EMA0087609,500 mg,Q8H,2025-02-17 19:00:00,2025-02-21 04:00:00
71,539,30000000080,10000000102,EMA0031859,500 mg,TID,2025-03-07 10:00:00,2025-03-12 10:00:00
72,707,30000000040,10000000029,EMA0026802,500 mg,QD,2025-11-13 15:00:00,2025-11-15 19:00:00
73,260,30000000127,10000000078,EMA0042769,40 mg,TID,2025-07-10 10:00:00,2025-07-12 00:00:00
74,646,30000000199,10000000011,EMA0074514,40 mg,BID,2026-05-22 09:00:00,2026-05-28 09:00:00
75,744,30000000187,10000000075,EMA0042400,40 mg,QD,2025-12-22 10:00:00,2025-12-27 10:00:00
76,820,30000000265,10000000042,EMA0053810,1 capsule,QD,2025-09-01 19:00:00,2025-09-04 19:00:00
77,1033,30000000090,10000000009,EMA0023978,1 capsule,TID,2025-06-16 22:00:00,2025-06-19 22:00:00
78,1062,30000000172,10000000086,EMA0031414,1 capsule,QD,2026-01-10 19:00:00,2026-01-11 19:00:00
79,94,30000000248,10000000043,EMA0068675,1 capsule,BID,2026-09-13 16:00:00,2026-09-14 13:00:00
80,73,30000000216,10000000072,EMA0069525,1 tablet,QD,2026-05-18 05:00:00,2026-05-25 05:00:00
81,745,30000000097,10000000082,EMA0079140,500 mg,Q8H,2026-08-11 14:00:00,2026-08-16 14:00:00
82,910,30000000417,10000000051,EMA0058054,1 capsule,TID,2026-04-06 04:00:00,2026-04-12 04:00:00
83,904,30000000486,10000000037,EMA0059681,1 capsule,Q8H,2025-11-28 09:00:00,2025-11-30 01:00:00
84,668,30000000022,10000000132,EMA0033315,1 capsule,BID,2025-11-05 10:00:00,2025-11-07 10:00:00
85,894,30000000436,10000000012,EMA0026124,1 capsule,Q6H,2026-07-18 01:00:00,2026-07-20 01:00:00
86,737,30000000434,10000000027,EMA0076843,1 tablet,Q6H,2026-09-06 20:00:00,2026-09-09 20:00:00
87,842,30000000376,10000000000,EMA0002798,1 vial,Q6H,2025-06-03 10:00:00,2025-06-08 10:00:00
88,547,30000000474,10000000127,EMA0058695,500 mg,BID,2025-06-25 11:00:00,2025-06-26 03:00:00
89,835,30000000034,10000000129,EMA0022715,1 capsule,BID,2026-10-02 10:00:00,2026-10-05 02:00:00
90,610,30000000309,10000000112,EMA0023864,1 vial,QD,2026-02-04 02:00:00,2026-02-08 02:00:00
91,1111,30000000466,10000000064,EMA0009417,40 mg,BID,2026-02-13 18:00:00,2026-02-18 18:00:00
92,44,30000000246,10000000000,EMA0017542,1 tablet,BID,2026-01-19 01:00:00,2026-01-21 01:00:00
93,714,30000000449,10000000046,EMA0080771,1 tablet,Q8H,2025-05-25 07:00:00,2025-05-27 08:00:00
94,1103,30000000327,10000000095,EMA0061913,1 tablet,Q8H,2026-11-06 15:00:00,2026-11-10 15:00:00
95,562,30000000423,10000000068,EMA0065003,500 mg,QD,2025-11-29 08:00:00,2025-11-30 08:00:00
96,11,30000000211,10000000013,EMA0066532,1 vial,QD,2026-03-02 15:00:00,2026-03-04 16:00:00
97,395,30000000152,10000000013,EMA0095173,1 capsule,Q8H,2026-03-17 19:00:00,2026-03-24 19:00:00
98,997,30000000159,10000000011,EMA0045783,500 mg,QD,2026-05-22 16:00:00,2026-05-28 16:00:00
99,1105,30000000351,10000000002,EMA0038523,1 capsule,QD,2025-04-27 19:00:00,2025-04-30 19:00:00
100,327,30000000035,10000000098,EMA0027808,1 tablet,Q8H,2025-06-18 23:00:00,2025-06-20 23:00:00
101,1040,30000000172,10000000083,EMA0061751,40 mg,Q8H,2025-09-12 16:00:00,2025-09-19 16:00:00
102,552,30000000072,10000000129,EMA0053234,1 vial,BID,2025-12-24 06:00:00,2025-12-27 06:00:00
103,588,30000000175,10000000013,EMA0061522,500 mg,Q6H,2026-08-09 00:00:00,2026-08-12 12:00:00
104,1022,30000000422,10000000039,EMA0087037,1 vial,TID,2026-08-25 16:00:00,2026-08-26 22:00:00
105,843,30000000398,10000000088,EMA0017280,1 vial,Q8H,2026-08-15 10:00:00,2026-08-17 10:00:00
106,693,30000000331,10000000090,EMA0057769,40 mg,BID,2025-10-27 14:00:00,2025-10-31 08:00:00
107,616,30000000187,10000000082,EMA0063034,1 tablet,QD,2026-01-30 05:00:00,2026-02-03 21:00:00
108,586,30000000022,10000000014,EMA0059320,500 mg,Q6H,2025-04-07 05:00:00,2025-04-14 05:00:00
109,751,30000000439,10000000012,EMA0026160,40 mg,Q6H,2025-05-24 14:00:00,2025-05-26 14:00:00
110,474,30000000176,10000000096,EMA0049849,40 mg,BID,2025-07-26 16:00:00,2025-07-30 16:00:00
111,93,30000000248,10000000131,EMA0044463,40 mg,BID,2026-07-29 23:00:00,2026-08-05 23:00:00
112,70,30000000362,10000000132,EMA0003824,1 vial,TID,2025-12-11 17:00:00,2025-12-14 23:00:00
113,1109,30000000493,10000000024,EMA0001631,500 mg,QD,2026-07-11 15:00:00,2026-07-16 04:00:00
114,628,30000000453,10000000073,EMA0048030,1 vial,TID,2026-09-19 21:00:00,2026-09-20 02:00:00
115,33,30000000295,10000000063,EMA0092348,500 mg,QD,2026-06-21 14:00:00,2026-06-27 22:00:00
116,951,30000000428,10000000103,EMA0012014,1 vial,QD,2025-09-02 16:00:00,2025-09-07 16:00:00
117,1084,30000000040,10000000105,EMA0043101,1 capsule,Q8H,2025-03-01 11:00:00,2025-03-02 11:00:00
118,457,30000000105,10000000030,EMA0028914,1 tablet,QD,2026-08-23 08:00:00,2026-08-23 12:00:00
119,1107,30000000158,10000000000,EMA0093173,40 mg,BID,2025-11-01 06:00:00,2025-11-03 03:00:00
120,220,30000000107,10000000104,EMA0039977,1 capsule,QD,2025-05-07 20:00:00,2025-05-08 20:00:00
121,90,30000000142,10000000073,EMA0048430,500 mg,BID,2026-05-18 08:00:00,2026-05-19 08:00:00
122,521,30000000343,10000000019,EMA0003344,1 capsule,Q8H,2026-08-04 21:00:00,2026-08-10 21:00:00
123,541,30000000058,10000000095,EMA0085411,500 mg,TID,2025-12-13 00:00:00,2025-12-16 14:00:00
124,911,30000000263,10000000115,EMA0017818,1 tablet,QD,2026-03-27 00:00:00,2026-03-28 00:00:00
125,1008,30000000451,10000000056,EMA0060939,1 tablet,QD,2025-03-02 11:00:00,2025-03-04 11:00:00
126,564,30000000480,10000000109,EMA0065681,1 vial,BID,2026-08-18 21:00:00,2026-08-23 21:00:00
127,946,30000000319,10000000025,EMA0063252,500 mg,QD,2026-01-31 23:00:00,2026-02-02 23:00:00
128,1018,30000000100,10000000083,EMA0018455,1 tablet,BID,2026-10-04 12:00:00,2026-10-05 03:00:00
129,1040,30000000172,10000000084,EMA0090349,40 mg,Q6H,2025-09-13 21:00:00,2025-09-16 21:00:00
130,1082,30000000341,10000000028,EMA0074645,500 mg,TID,2025-06-28 20:00:00,2025-06-30 20:00:00
131,257,30000000011,10000000112,EMA0036273,1 capsule,QD,2026-03-16 14:00:00,2026-03-21 14:00:00
132,859,30000000145,10000000077,EMA0016505,40 mg,BID,2026-05-06 14:00:00,2026-05-07 14:00:00
133,743,30000000193,10000000096,EMA0073936,1 capsule,Q6H,2026-09-03 08:00:00,2026-09-03 14:00:00
134,742,30000000243,10000000119,EMA0082620,1 vial,Q6H,2026-03-08 17:00:00,2026-03-11 17:00:00
135,1144,30000000220,10000000030,EMA0068290,1 capsule,TID,2025-06-29 19:00:00,2025-07-05 19:00:00
136,1137,30000000457,10000000072,EMA0059909,40 mg,Q8H,2026-06-28 15:00:00,2026-07-02 04:00:00
137,1097,30000000277,10000000028,EMA0032867,40 mg,TID,2025-04-03 08:00:00,2025-04-08 08:00:00
138,820,30000000265,10000000042,EMA0068111,1 tablet,Q6H,2025-09-02 02:00:00,2025-09-07 02:00:00
139,198,30000000234,10000000131,EMA0065902,40 mg,BID,2026-10-13 05:00:00,2026-10-15 05:00:00
140,1199,30000000112,10000000031,EMA0007995,1 tablet,Q6H,2025-07-28 04:00:00,2025-08-01 04:00:00
141,322,30000000423,10000000012,EMA0059172,1 vial,BID,2026-02-23 17:00:00,2026-02-26 17:00:00
142,347,30000000254,10000000105,EMA0054829,40 mg,BID,2026-06-09 01:00:00,2026-06-12 20:00:00
143,242,30000000076,10000000085,EMA0056022,1 capsule,QD,2026-06-09 14:00:00,2026-06-10 09:00:00
144,861,30000000134,10000000109,EMA0073413,1 tablet,BID,2026-02-23 17:00:00,2026-02-23 22:00:00
145,198,30000000234,10000000131,EMA0027565,40 mg,BID,2026-10-13 00:00:00,2026-10-14 00:00:00
146,1018,30000000100,10000000083,EMA0092019,40 mg,Q6H,2026-10-05 00:00:00,2026-10-05 03:00:00
147,71,30000000216,10000000057,EMA0058073,1 capsule,QD,2026-02-18 09:00:00,2026-02-19 09:00:00
148,1114,30000000445,10000000132,EMA0037858,1 tablet,Q8H,2026-10-10 11:00:00,2026-10-13 11:00:00
149,1193,30000000171,10000000013,EMA0043947,1 tablet,TID,2025-05-24 06:00:00,2025-05-25 07:00:00
150,92,30000000248,10000000093,EMA0075148,500 mg,BID,2026-06-15 18:00:00,2026-06-17 18:00:00
151,679,30000000478,10000000023,EMA0072785,1 tablet,Q8H,2026-02-09 18:00:00,2026-02-16 02:00:00
152,465,30000000257,10000000020,EMA0076829,1 capsule,BID,2025-09-05 10:00:00,2025-09-06 08:00:00
153,247,30000000033,10000000046,EMA0055037,500 mg,BID,2025-04-13 13:00:00,2025-04-19 13:00:00
154,1021,30000000464,10000000003,EMA0072154,1 vial,TID,2025-08-17 22:00:00,2025-08-21 22:00:00
155,814,30000000270,10000000087,EMA0048005,1 capsule,TID,2025-02-18 09:00:00,2025-02-20 09:00:00
156,249,30000000350,10000000023,EMA0093383,1 capsule,Q6H,2026-09-17 11:00:00,2026-09-19 11:00:00
157,32,30000000295,10000000069,EMA0016827,500 mg,Q8H,2026-04-18 18:00:00,2026-04-20 18:00:00
158,724,30000000252,10000000056,EMA0062036,1 vial,TID,2026-05-05 15:00:00,2026-05-08 15:00:00
159,126,30000000494,10000000055,EMA0042650,1 capsule,QD,2026-02-23 08:00:00,2026-02-25 08:00:00
160,33,30000000295,10000000063,EMA0047492,1 tablet,Q6H,2026-06-22 06:00:00,2026-06-24 06:00:00
161,924,30000000135,10000000111,EMA0009427,500 mg,Q8H,2026-04-30 07:00:00,2026-05-06 07:00:00
162,1058,30000000388,10000000124,EMA0032937,500 mg,TID,2025-07-27 13:00:00,2025-07-30 21:00:00
163,1075,30000000374,10000000128,EMA0090453,1 tablet,TID,2025-08-18 07:00:00,2025-08-22 07:00:00
164,148,30000000188,10000000087,EMA0018940,500 mg,Q6H,2025-07-14 20:00:00,2025-07-16 20:00:00
165,490,30000000316,10000000103,EMA0020461,500 mg,Q8H,2026-07-15 19:00:00,2026-07-16 19:00:00
166,164,30000000169,10000000045,EMA0007760,500 mg,Q6H,2026-08-03 20:00:00,2026-08-08 01:00:00
167,839,30000000291,10000000057,EMA0018212,1 tablet,Q6H,2026-05-18 15:00:00,2026-05-19 15:00:00
168,911,30000000263,10000000115,EMA0014319,1 tablet,Q6H,2026-03-26 21:00:00,2026-03-27 21:00:00
169,898,30000000256,10000000095,EMA0064970,1 capsule,Q6H,2026-08-31 11:00:00,2026-09-06 11:00:00
170,668,30000000022,10000000132,EMA0031750,40 mg,Q6H,2025-11-04 19:00:00,2025-11-06 19:00:00
171,361,30000000091,10000000010,EMA0063485,1 capsule,TID,2025-12-06 02:00:00,2025-12-12 02:00:00
172,754,30000000233,10000000054,EMA0019057,1 tablet,Q6H,2025-10-08 01:00:00,2025-10-09 06:00:00
173,475,30000000476,10000000037,EMA0021031,500 mg,Q8H,2025-11-24 21:00:00,2025-11-26 20:00:00
174,886,30000000027,10000000024,EMA0094794,1 vial,TID,2026-12-09 16:00:00,2026-12-14 09:00:00
175,629,30000000269,10000000029,EMA0057542,1 vial,TID,2026-09-24 16:00:00,2026-09-29 16:00:00
176,1134,30000000259,10000000042,EMA0085072,40 mg,Q6H,2026-10-23 18:00:00,2026-10-25 18:00:00
177,121,30000000063,10000000091,EMA0010831,40 mg,BID,2026-08-01 01:00:00,2026-08-02 01:00:00
178,111,30000000393,10000000121,EMA0062200,1 vial,QD,2026-04-25 23:00:00,2026-04-30 23:00:00
179,310,30000000049,10000000041,EMA0093569,1 capsule,QD,2026-03-13 17:00:00,2026-03-17 13:00:00
180,146,30000000001,10000000016,EMA0001280,1 tablet,QD,2025-07-21 04:00:00,2025-07-22 18:00:00
181,351,30000000286,10000000068,EMA0026280,500 mg,Q6H,2025-09-06 16:00:00,2025-09-07 16:00:00
182,399,30000000373,10000000003,EMA0037542,1 tablet,BID,2025-01-02 22:00:00,2025-01-07 22:00:00
183,4,30000000489,10000000039,EMA0064325,1 capsule,BID,2025-11-12 11:00:00,2025-11-17 11:00:00
184,276,30000000326,10000000118,EMA0088844,1 tablet,TID,2025-07-27 10:00:00,2025-08-01 10:00:00
185,1023,30000000089,10000000048,EMA0085970,1 vial,Q8H,2025-12-11 19:00:00,2025-12-14 16:00:00
186,532,30000000157,10000000128,EMA0056612,1 vial,Q6H,2025-08-26 00:00:00,2025-09-02 00:00:00
187,910,30000000417,10000000047,EMA0068075,40 mg,Q6H,2026-04-05 14:00:00,2026-04-09 14:00:00
188,57,30000000201,10000000043,EMA0029037,1 tablet,Q8H,2025-07-28 19:00:00,2025-08-02 19:00:00
189,497,30000000359,10000000109,EMA0010920,40 mg,QD,2026-05-07 10:00:00,2026-05-08 10:00:00
190,490,30000000316,10000000103,EMA0049136,1 capsule,QD,2026-07-14 23:00:00,2026-07-17 23:00:00
191,514,30000000029,10000000081,EMA0002995,500 mg,Q8H,2025-07-16 07:00:00,2025-07-18 03:00:00
192,940,30000000043,10000000112,EMA0012781,1 capsule,QD,2025-07-11 18:00:00,2025-07-17 18:00:00
193,429,30000000100,10000000076,EMA0062156,40 mg,TID,2025-07-08 00:00:00,2025-07-11 00:00:00
194,876,30000000239,10000000004,EMA0026592,500 mg,Q6H,2026-11-11 13:00:00,2026-11-13 13:00:00
195,30,30000000295,10000000065,EMA0026057,1 tablet,QD,2025-11-21 01:00:00,2025-11-22 23:00:00
196,893,30000000050,10000000101,EMA0090143,1 tablet,Q6H,2025-08-07 16:00:00,2025-08-11 16:00:00
197,983,30000000145,10000000046,EMA0079083,500 mg,BID,2025-01-04 21:00:00,2025-01-07 15:00:00
198,735,30000000111,10000000002,EMA0065632,1 vial,TID,2026-01-08 01:00:00,2026-01-14 01:00:00
199,970,30000000111,10000000090,EMA0068298,1 capsule,TID,2025-07-19 17:00:00,2025-07-19 23:00:00
200,1200,30000000403,10000000027,EMA0051109,500 mg,Q8H,2025-05-28 19:00:00,2025-05-30 19:00:00
201,545,30000000453,10000000105,EMA0036956,500 mg,TID,2026-10-20 16:00:00,2026-10-26 16:00:00
202,223,30000000473,10000000078,EMA0076744,1 tablet,Q8H,2026-05-27 16:00:00,2026-05-29 16:00:00
203,299,30000000236,10000000027,EMA0018685,1 capsule,Q8H,2026-07-01 22:00:00,2026-07-03 20:00:00
204,1049,30000000377,10000000046,EMA0040252,1 vial,QD,2026-07-21 11:00:00,2026-07-25 11:00:00
205,524,30000000238,10000000095,EMA0032919,1 tablet,BID,2026-05-07 12:00:00,2026-05-09 12:00:00
206,313,30000000408,10000000068,EMA0085946,40 mg,Q8H,2026-04-17 21:00:00,2026-04-18 09:00:00
207,452,30000000280,10000000015,EMA0078067,500 mg,Q6H,2025-03-28 10:00:00,2025-03-29 10:00:00
208,310,30000000049,10000000041,EMA0072255,1 capsule,Q6H,2026-03-14 03:00:00,2026-03-17 13:00:00
209,866,30000000034,10000000030,EMA0052975,40 mg,BID,2025-05-12 07:00:00,2025-05-18 07:00:00
210,1198,30000000024,10000000053,EMA0044363,1 capsule,BID,2026-11-28 20:00:00,2026-11-29 19:00:00
211,241,30000000345,10000000031,EMA0060034,40 mg,BID,2025-04-17 19:00:00,2025-04-21 19:00:00
212,804,30000000327,10000000050,EMA0004923,500 mg,Q6H,2025-07-21 23:00:00,2025-07-24 23:00:00
213,1013,30000000115,10000000028,EMA0017501,500 mg,BID,2025-12-08 11:00:00,2025-12-12 11:00:00
214,435,30000000086,10000000104,EMA0038435,500 mg,BID,2026-09-28 04:00:00,2026-10-02 04:00:00
215,501,30000000098,10000000082,EMA0051713,1 vial,Q6H,2026-09-03 19:00:00,2026-09-04 19:00:00
216,198,30000000234,10000000131,EMA0059657,1 vial,Q8H,2026-10-14 01:00:00,2026-10-18 01:00:00
217,794,30000000444,10000000078,EMA0039248,500 mg,QD,2025-11-03 20:00:00,2025-11-09 00:00:00
218,913,30000000277,10000000106,EMA0057913,1 capsule,TID,2026-02-13 20:00:00,2026-02-14 17:00:00
219,840,30000000024,10000000118,EMA0053463,500 mg,Q6H,2026-06-14 12:00:00,2026-06-16 07:00:00
220,366,30000000445,10000000104,EMA0023828,1 tablet,QD,2025-11-26 04:00:00,2025-11-30 04:00:00
221,87,30000000351,10000000037,EMA0065151,1 capsule,Q6H,2026-02-18 09:00:00,2026-02-23 09:00:00
222,317,30000000245,10000000111,EMA0007474,1 vial,Q8H,2026-06-16 12:00:00,2026-06-22 12:00:00
223,107,30000000483,10000000110,EMA0051890,40 mg,TID,2026-06-11 09:00:00,2026-06-14 04:00:00
224,61,30000000201,10000000040,EMA0079138,1 tablet,BID,2026-05-07 08:00:00,2026-05-10 18:00:00
225,546,30000000075,10000000032,EMA0056217,1 vial,TID,2026-04-23 22:00:00,2026-04-29 13:00:00
226,1041,30000000240,10000000067,EMA0059656,40 mg,BID,2025-06-04 07:00:00,2025-06-11 07:00:00
227,957,30000000225,10000000087,EMA0018846,1 vial,Q8H,2026-11-14 12:00:00,2026-11-14 21:00:00
228,688,30000000110,10000000048,EMA0056815,1 capsule,Q6H,2026-12-16 01:00:00,2026-12-23 01:00:00
229,461,30000000426,10000000101,EMA0072896,500 mg,Q8H,2025-04-08 02:00:00,2025-04-10 02:00:00
230,419,30000000018,10000000111,EMA0019788,1 capsule,Q8H,2026-01-20 19:00:00,2026-01-27 19:00:00
231,178,30000000254,10000000131,EMA0088550,1 capsule,TID,2026-02-19 12:00:00,2026-02-20 14:00:00
232,709,30000000456,10000000081,EMA0034633,1 tablet,TID,2025-08-29 10:00:00,2025-09-03 19:00:00
233,272,30000000339,10000000063,EMA0025303,40 mg,Q6H,2025-02-03 10:00:00,2025-02-04 00:00:00
234,788,30000000307,10000000100,EMA0010667,1 vial,BID,2026-01-19 18:00:00,2026-01-26 16:00:00
235,374,30000000175,10000000018,EMA0009701,40 mg,BID,2025-11-23 10:00:00,2025-11-24 10:00:00
236,914,30000000053,10000000062,EMA0030163,1 capsule,Q8H,2025-05-26 21:00:00,2025-05-30 21:00:00
237,1046,30000000082,10000000060,EMA0059609,1 vial,Q6H,2025-03-10 06:00:00,2025-03-12 06:00:00
238,340,30000000358,10000000024,EMA0043809,1 vial,Q8H,2026-06-29 18:00:00,2026-06-30 18:00:00
239,283,30000000218,10000000102,EMA0025018,40 mg,QD,2026-08-22 18:00:00,2026-08-25 18:00:00
240,48,30000000431,10000000048,EMA0014569,1 tablet,BID,2025-08-10 10:00:00,2025-08-11 10:00:00
241,538,30000000388,10000000127,EMA0011938,500 mg,QD,2025-10-05 13:00:00,2025-10-12 13:00:00
242,162,30000000198,10000000084,EMA0055459,1 capsule,Q6H,2026-05-17 13:00:00,2026-05-21 21:00:00
243,62,30000000454,10000000109,EMA0080465,40 mg,Q6H,2025-07-04 19:00:00,2025-07-06 12:00:00
244,41,30000000018,10000000113,EMA0026428,500 mg,Q8H,2025-12-24 10:00:00,2025-12-27 10:00:00
245,542,30000000206,10000000099,EMA0026748,1 tablet,BID,2025-02-05 06:00:00,2025-02-06 06:00:00
246,131,30000000294,10000000098,EMA0039536,1 capsule,Q6H,2025-05-14 16:00:00,2025-05-16 17:00:00
247,190,30000000475,10000000015,EMA0005243,1 capsule,Q6H,2026-09-15 13:00:00,2026-09-17 13:00:00
248,711,30000000144,10000000128,EMA0048166,500 mg,TID,2026-03-25 01:00:00,2026-03-26 11:00:00
249,217,30000000025,10000000127,EMA0010379,1 vial,QD,2025-07-06 06:00:00,2025-07-10 06:00:00
250,200,30000000361,10000000134,EMA0048413,1 capsule,Q8H,2025-09-05 04:00:00,2025-09-07 02:00:00
251,619,30000000371,10000000011,EMA0022991,1 capsule,TID,2025-07-18 00:00:00,2025-07-19 16:00:00
252,668,30000000022,10000000132,EMA0043394,500 mg,QD,2025-11-04 01:00:00,2025-11-08 13:00:00
253,326,30000000028,10000000119,EMA0081024,40 mg,Q6H,2025-06-18 18:00:00,2025-06-20 18:00:00
254,681,30000000144,10000000033,EMA0052457,1 capsule,BID,2026-06-04 13:00:00,2026-06-07 13:00:00
255,434,30000000176,10000000109,EMA0046373,40 mg,Q6H,2026-05-04 13:00:00,2026-05-07 13:00:00
256,657,30000000014,10000000084,EMA0017403,40 mg,BID,2026-04-16 14:00:00,2026-04-23 14:00:00
257,496,30000000417,10000000105,EMA0025116,1 vial,BID,2025-04-02 21:00:00,2025-04-03 21:00:00
258,419,30000000018,10000000111,EMA0070625,1 capsule,BID,2026-01-20 05:00:00,2026-01-24 05:00:00
259,52,30000000135,10000000037,EMA0069455,500 mg,BID,2025-10-23 12:00:00,2025-10-24 12:00:00
260,1117,30000000353,10000000021,EMA0044975,500 mg,Q6H,2025-02-10 23:00:00,2025-02-13 23:00:00
261,839,30000000291,10000000057,EMA0095273,1 vial,Q6H,2026-05-20 01:00:00,2026-05-21 01:00:00
262,1090,30000000364,10000000113,EMA0025260,40 mg,QD,2026-08-26 12:00:00,2026-08-31 12:00:00
263,670,30000000367,10000000012,EMA0018388,40 mg,QD,2025-09-10 04:00:00,2025-09-12 16:00:00
264,618,30000000136,10000000034,EMA0034284,1 vial,Q6H,2025-06-20 23:00:00,2025-06-22 22:00:00
265,447,30000000493,10000000048,EMA0003799,1 vial,Q6H,2025-01-12 11:00:00,2025-01-16 11:00:00
266,118,30000000240,10000000091,EMA0071088,500 mg,Q8H,2026-09-06 02:00:00,2026-09-08 02:00:00
267,933,30000000230,10000000070,EMA0092313,40 mg,QD,2025-11-23 13:00:00,2025-11-27 13:00:00
268,930,30000000129,10000000019,EMA0024856,1 vial,Q6H,2026-03-21 03:00:00,2026-03-26 03:00:00
269,892,30000000260,10000000096,EMA0014753,40 mg,QD,2026-08-15 19:00:00,2026-08-20 19:00:00
270,1084,30000000040,10000000106,EMA0052651,500 mg,BID,2025-02-28 22:00:00,2025-03-04 22:00:00
271,155,30000000015,10000000126,EMA0060673,40 mg,Q6H,2025-02-12 22:00:00,2025-02-16 20:00:00
272,596,30000000276,10000000096,EMA0054053,40 mg,Q6H,2025-02-25 01:00:00,2025-03-03 01:00:00
273,359,30000000316,10000000109,EMA0090933,1 capsule,TID,2026-10-10 15:00:00,2026-10-12 07:00:00
274,1047,30000000249,10000000045,EMA0050203,40 mg,Q8H,2025-12-12 06:00:00,2025-12-17 15:00:00
275,70,30000000362,10000000131,EMA0090186,40 mg,Q6H,2025-12-10 12:00:00,2025-12-14 23:00:00
276,143,30000000054,10000000058,EMA0015526,1 capsule,TID,2025-05-20 15:00:00,2025-05-21 02:00:00
277,1119,30000000255,10000000107,EMA0068906,1 capsule,Q8H,2025-02-19 07:00:00,2025-02-20 18:00:00
278,713,30000000411,10000000050,EMA0068335,1 tablet,BID,2025-04-10 09:00:00,2025-04-16 09:00:00
279,1060,30000000098,10000000091,EMA0085174,1 tablet,Q8H,2025-05-15 02:00:00,2025-05-18 02:00:00
280,398,30000000351,10000000018,EMA0086697,1 capsule,QD,2026-11-06 07:00:00,2026-11-12 06:00:00
281,371,30000000047,10000000009,EMA0020574,500 mg,BID,2025-05-18 06:00:00,2025-05-20 16:00:00
282,579,30000000360,10000000111,EMA0042216,40 mg,QD,2026-11-06 12:00:00,2026-11-08 21:00:00
283,368,30000000222,10000000114,EMA0091183,40 mg,TID,2025-10-27 03:00:00,2025-10-31 03:00:00
284,797,30000000130,10000000014,EMA0022683,1 capsule,TID,2025-07-08 12:00:00,2025-07-10 12:00:00
285,1050,30000000476,10000000091,EMA0057920,1 capsule,BID,2025-12-21 15:00:00,2025-12-23 09:00:00
286,782,30000000130,10000000068,EMA0004722,1 capsule,TID,2025-04-16 23:00:00,2025-04-22 23:00:00
287,551,30000000344,10000000060,EMA0010554,1 capsule,Q8H,2026-05-13 10:00:00,2026-05-14 10:00:00
288,743,30000000193,10000000096,EMA0012899,1 tablet,Q8H,2026-09-01 19:00:00,2026-09-03 14:00:00
289,163,30000000055,10000000114,EMA0008015,40 mg,QD,2026-02-12 09:00:00,2026-02-15 13:00:00
290,64,30000000454,10000000110,EMA0049320,40 mg,Q8H,2025-11-22 13:00:00,2025-11-26 03:00:00
291,574,30000000139,10000000014,EMA0032125,500 mg,TID,2026-07-23 13:00:00,2026-07-26 02:00:00
292,9,30000000403,10000000117,EMA0052400,1 vial,QD,2025-12-14 13:00:00,2025-12-16 20:00:00
293,779,30000000252,10000000047,EMA0073768,1 capsule,TID,2025-08-06 15:00:00,2025-08-07 15:00:00
294,261,30000000170,10000000015,EMA0022302,1 tablet,TID,2025-06-13 02:00:00,2025-06-14 02:00:00
295,629,30000000269,10000000029,EMA0014884,1 capsule,TID,2026-09-24 20:00:00,2026-09-26 20:00:00
296,314,30000000357,10000000060,EMA0087677,1 tablet,Q8H,2026-08-31 21:00:00,2026-09-04 21:00:00
297,1019,30000000406,10000000109,EMA0071791,40 mg,TID,2025-10-07 15:00:00,2025-10-14 15:00:00
298,106,30000000472,10000000082,EMA0029351,1 vial,BID,2026-06-12 05:00:00,2026-06-16 05:00:00
299,922,30000000141,10000000002,EMA0070654,1 capsule,TID,2026-01-25 05:00:00,2026-01-31 05:00:00
300,1011,30000000331,10000000005,EMA0076740,500 mg,TID,2026-06-23 11:00:00,2026-06-26 11:00:00
301,1022,30000000422,10000000039,EMA0018231,1 vial,TID,2026-08-24 19:00:00,2026-08-26 22:00:00
302,933,30000000230,10000000070,EMA0049342,500 mg,Q8H,2025-11-24 06:00:00,2025-11-30 06:00:00
303,72,30000000216,10000000083,EMA0036337,500 mg,Q6H,2026-04-02 12:00:00,2026-04-08 16:00:00
304,621,30000000436,10000000090,EMA0022871,500 mg,Q8H,2025-04-09 05:00:00,2025-04-14 05:00:00
305,92,30000000248,10000000093,EMA0029165,1 capsule,BID,2026-06-14 12:00:00,2026-06-15 12:00:00
306,764,30000000285,10000000018,EMA0002798,40 mg,TID,2025-06-26 12:00:00,2025-07-03 12:00:00
307,576,30000000025,10000000030,EMA0060066,500 mg,TID,2026-09-11 03:00:00,2026-09-14 03:00:00
308,265,30000000346,10000000075,EMA0030701,40 mg,TID,2026-06-13 01:00:00,2026-06-14 01:00:00
309,533,30000000376,10000000068,EMA0071826,40 mg,QD,2025-05-01 00:00:00,2025-05-06 00:00:00
310,549,30000000316,10000000093,EMA0087521,40 mg,Q6H,2026-03-02 20:00:00,2026-03-03 05:00:00
311,399,30000000373,10000000002,EMA0090216,1 vial,TID,2025-01-03 10:00:00,2025-01-08 17:00:00
312,1031,30000000418,10000000098,EMA0073510,40 mg,Q6H,2026-12-05 14:00:00,2026-12-07 12:00:00
313,1075,30000000374,10000000128,EMA0050142,1 capsule,BID,2025-08-17 04:00:00,2025-08-20 04:00:00
314,483,30000000092,10000000083,EMA0089382,500 mg,Q6H,2025-08-18 11:00:00,2025-08-20 11:00:00
315,512,30000000263,10000000121,EMA0075939,1 tablet,TID,2026-01-04 15:00:00,2026-01-10 15:00:00
316,1004,30000000282,10000000127,EMA0051316,1 vial,QD,2025-10-11 00:00:00,2025-10-13 00:00:00
317,593,30000000406,10000000045,EMA0092078,1 tablet,QD,2026-04-07 09:00:00,2026-04-10 22:00:00
318,530,30000000005,10000000024,EMA0029041,40 mg,QD,2026-02-18 13:00:00,2026-02-20 05:00:00
319,1084,30000000040,10000000105,EMA0090727,500 mg,Q6H,2025-03-02 04:00:00,2025-03-04 04:00:00
320,191,30000000354,10000000075,EMA0001711,1 tablet,TID,2026-06-23 15:00:00,2026-06-24 15:00:00
321,495,30000000059,10000000029,EMA0085476,40 mg,Q8H,2025-04-12 06:00:00,2025-04-13 06:00:00
322,1020,30000000120,10000000133,EMA0039278,1 vial,Q8H,2026-11-11 11:00:00,2026-11-15 06:00:00
323,463,30000000253,10000000036,EMA0007503,1 capsule,Q6H,2026-07-24 01:00:00,2026-07-26 01:00:00
324,707,30000000040,10000000029,EMA0085525,500 mg,QD,2025-11-13 23:00:00,2025-11-15 19:00:00
325,861,30000000134,10000000109,EMA0050026,1 tablet,Q6H,2026-02-22 21:00:00,2026-02-23 22:00:00
326,229,30000000087,10000000105,EMA0018971,1 tablet,Q6H,2026-07-25 21:00:00,2026-07-29 21:00:00
327,868,30000000371,10000000000,EMA0054083,1 capsule,TID,2026-09-10 05:00:00,2026-09-14 05:00:00
328,1136,30000000162,10000000077,EMA0056897,40 mg,Q8H,2025-05-24 04:00:00,2025-05-27 04:00:00
329,498,30000000402,10000000058,EMA0019548,1 capsule,QD,2026-04-30 22:00:00,2026-05-04 22:00:00
330,689,30000000220,10000000011,EMA0072010,40 mg,Q6H,2025-06-08 20:00:00,2025-06-12 20:00:00
331,295,30000000473,10000000094,EMA0027283,1 vial,TID,2025-11-24 17:00:00,2025-11-25 17:00:00
332,1182,30000000146,10000000101,EMA0095326,40 mg,Q8H,2025-07-21 15:00:00,2025-07-26 15:00:00
333,535,30000000175,10000000093,EMA0052089,40 mg,Q8H,2026-03-27 18:00:00,2026-03-29 18:00:00
334,936,30000000002,10000000091,EMA0094456,1 capsule,Q8H,2026-09-01 01:00:00,2026-09-03 20:00:00
335,328,30000000029,10000000060,EMA0032033,1 vial,TID,2026-10-21 04:00:00,2026-10-26 18:00:00
336,381,30000000066,10000000094,EMA0043184,1 capsule,Q6H,2026-07-30 18:00:00,2026-08-05 03:00:00
337,223,30000000473,10000000078,EMA0029388,1 vial,TID,2026-05-28 08:00:00,2026-05-29 08:00:00
338,417,30000000048,10000000065,EMA0050923,1 vial,TID,2025-05-15 16:00:00,2025-05-19 16:00:00
339,983,30000000145,10000000046,EMA0049052,500 mg,BID,2025-01-06 02:00:00,2025-01-07 15:00:00
340,547,30000000474,10000000129,EMA0001180,1 tablet,QD,2025-06-24 10:00:00,2025-06-26 03:00:00
341,174,30000000440,10000000078,EMA0043555,1 tablet,BID,2026-09-04 04:00:00,2026-09-04 15:00:00
342,1164,30000000412,10000000112,EMA0000429,1 tablet,Q8H,2026-09-06 16:00:00,2026-09-07 16:00:00
343,1059,30000000053,10000000044,EMA0022230,1 capsule,QD,2025-04-22 08:00:00,2025-04-26 04:00:00
344,533,30000000376,10000000071,EMA0013342,1 capsule,Q6H,2025-05-01 14:00:00,2025-05-03 14:00:00
345,402,30000000127,10000000041,EMA0001241,1 vial,Q8H,2026-10-20 21:00:00,2026-10-25 01:00:00
346,762,30000000111,10000000100,EMA0043692,1 vial,BID,2025-12-11 01:00:00,2025-12-18 01:00:00
347,732,30000000285,10000000121,EMA0020644,500 mg,Q8H,2026-03-22 11:00:00,2026-03-28 23:00:00
348,133,30000000437,10000000087,EMA0033001,1 capsule,QD,2025-08-08 19:00:00,2025-08-11 19:00:00
349,975,30000000350,10000000035,EMA0070888,40 mg,BID,2025-09-24 08:00:00,2025-09-29 16:00:00
350,329,30000000026,10000000041,EMA0092794,1 vial,Q8H,2025-04-14 07:00:00,2025-04-20 04:00:00
351,847,30000000102,10000000072,EMA0056176,1 vial,BID,2026-04-19 17:00:00,2026-04-26 16:00:00
352,256,30000000394,10000000047,EMA0055493,1 vial,Q6H,2026-06-21 22:00:00,2026-06-26 02:00:00
353,41,30000000018,10000000110,EMA0051895,1 tablet,TID,2025-12-23 23:00:00,2025-12-27 20:00:00
354,18,30000000043,10000000064,EMA0087953,40 mg,Q8H,2026-01-15 21:00:00,2026-01-18 11:00:00
355,1067,30000000426,10000000058,EMA0039709,1 tablet,Q6H,2025-09-17 07:00:00,2025-09-22 07:00:00
356,731,30000000386,10000000112,EMA0090670,1 vial,TID,2026-09-20 23:00:00,2026-09-24 23:00:00
357,532,30000000157,10000000128,EMA0065830,1 tablet,Q8H,2025-08-27 08:00:00,2025-09-01 08:00:00
358,830,30000000084,10000000015,EMA0012768,1 vial,TID,2025-08-09 22:00:00,2025-08-16 22:00:00
359,665,30000000339,10000000109,EMA0086910,500 mg,QD,2025-05-28 13:00:00,2025-05-31 20:00:00
360,187,30000000154,10000000118,EMA0085617,500 mg,Q8H,2026-02-07 21:00:00,2026-02-08 21:00:00
361,409,30000000199,10000000106,EMA0081761,1 tablet,QD,2026-06-16 11:00:00,2026-06-23 11:00:00
362,721,30000000392,10000000045,EMA0075222,40 mg,BID,2025-01-22 10:00:00,2025-01-28 10:00:00
363,1048,30000000329,10000000042,EMA0041411,500 mg,QD,2026-05-04 01:00:00,2026-05-06 08:00:00
364,129,30000000089,10000000078,EMA0076881,40 mg,Q6H,2026-04-24 11:00:00,2026-04-28 11:00:00
365,948,30000000311,10000000092,EMA0085231,1 tablet,Q6H,2026-11-06 19:00:00,2026-11-07 12:00:00
366,268,30000000023,10000000109,EMA0032665,1 tablet,TID,2026-08-30 04:00:00,2026-09-03 04:00:00
367,373,30000000051,10000000039,EMA0069978,40 mg,Q8H,2026-04-30 23:00:00,2026-05-04 23:00:00
368,367,30000000099,10000000042,EMA0056957,500 mg,Q6H,2025-08-08 04:00:00,2025-08-12 00:00:00
369,743,30000000193,10000000096,EMA0035199,500 mg,TID,2026-09-02 12:00:00,2026-09-03 14:00:00
370,390,30000000006,10000000004,EMA0069488,1 vial,QD,2026-12-18 07:00:00,2026-12-18 21:00:00
371,906,30000000431,10000000103,EMA0011950,1 capsule,Q8H,2026-01-21 15:00:00,2026-01-25 15:00:00
372,360,30000000250,10000000099,EMA0039572,40 mg,QD,2026-08-12 14:00:00,2026-08-16 21:00:00
373,905,30000000483,10000000049,EMA0089190,1 tablet,Q6H,2026-09-30 22:00:00,2026-10-04 09:00:00
374,1137,30000000457,10000000076,EMA0084362,1 vial,BID,2026-06-28 15:00:00,2026-07-01 15:00:00
375,1025,30000000236,10000000070,EMA0015944,1 vial,QD,2026-01-11 22:00:00,2026-01-13 22:00:00
376,523,30000000442,10000000055,EMA0009711,500 mg,TID,2025-05-22 00:00:00,2025-05-25 23:00:00
377,1197,30000000296,10000000114,EMA0091710,1 capsule,Q6H,2026-07-17 06:00:00,2026-07-24 06:00:00
378,835,30000000034,10000000129,EMA0047125,1 capsule,BID,2026-10-02 11:00:00,2026-10-05 02:00:00
379,323,30000000388,10000000103,EMA0016766,1 capsule,BID,2026-02-01 23:00:00,2026-02-02 23:00:00
380,771,30000000333,10000000126,EMA0009280,1 capsule,QD,2025-01-25 15:00:00,2025-01-29 15:00:00
381,150,30000000232,10000000083,EMA0037742,1 tablet,BID,2026-04-05 11:00:00,2026-04-06 11:00:00
382,925,30000000068,10000000125,EMA0093579,1 vial,QD,2026-07-21 19:00:00,2026-07-26 19:00:00
383,53,30000000135,10000000042,EMA0065880,500 mg,Q6H,2026-01-06 08:00:00,2026-01-07 08:00:00
384,425,30000000396,10000000101,EMA0020953,40 mg,Q8H,2025-02-27 17:00:00,2025-02-28 15:00:00
385,642,30000000054,10000000019,EMA0055409,1 capsule,QD,2026-08-31 21:00:00,2026-09-01 21:00:00
386,45,30000000246,10000000002,EMA0068785,500 mg,TID,2026-03-28 20:00:00,2026-04-02 00:00:00
387,717,30000000384,10000000010,EMA0042159,1 capsule,QD,2025-10-16 12:00:00,2025-10-18 02:00:00
388,116,30000000240,10000000069,EMA0081507,1 tablet,TID,2026-06-09 07:00:00,2026-06-14 07:00:00
389,401,30000000428,10000000039,EMA0076154,40 mg,TID,2026-07-01 13:00:00,2026-07-05 13:00:00
390,259,30000000110,10000000118,EMA0072358,500 mg,TID,2025-11-05 02:00:00,2025-11-08 02:00:00
391,13,30000000211,10000000014,EMA0014653,1 capsule,Q8H,2026-07-21 15:00:00,2026-07-26 15:00:00
392,618,30000000136,10000000034,EMA0057557,1 vial,Q6H,2025-06-21 09:00:00,2025-06-22 22:00:00
393,1092,30000000415,10000000031,EMA0079148,500 mg,QD,2026-04-19 03:00:00,2026-04-24 02:00:00
394,465,30000000257,10000000024,EMA0053284,40 mg,BID,2025-09-05 10:00:00,2025-09-06 08:00:00
395,893,30000000050,10000000106,EMA0061450,40 mg,Q6H,2025-08-07 18:00:00,2025-08-09 18:00:00
396,1142,30000000449,10000000086,EMA0009541,500 mg,BID,2025-04-13 15:00:00,2025-04-20 02:00:00
397,736,30000000055,10000000072,EMA0054825,500 mg,Q6H,2026-07-05 13:00:00,2026-07-11 13:00:00
398,181,30000000002,10000000095,EMA0019814,1 tablet,TID,2025-01-12 19:00:00,2025-01-12 23:00:00
399,126,30000000494,10000000054,EMA0056796,500 mg,Q8H,2026-02-23 06:00:00,2026-02-27 06:00:00
400,948,30000000311,10000000092,EMA0034940,1 capsule,TID,2026-11-05 19:00:00,2026-11-07 12:00:00
401,64,30000000454,10000000110,EMA0046473,1 vial,Q6H,2025-11-22 17:00:00,2025-11-24 17:00:00
402,184,30000000044,10000000072,EMA0040967,1 tablet,BID,2025-01-13 12:00:00,2025-01-13 13:00:00
403,228,30000000028,10000000109,EMA0077611,500 mg,TID,2025-01-08 11:00:00,2025-01-08 22:00:00
404,965,30000000288,10000000021,EMA0027463,40 mg,Q8H,2025-04-26 17:00:00,2025-04-28 13:00:00
405,667,30000000046,10000000102,EMA0040882,1 vial,Q6H,2025-08-01 16:00:00,2025-08-02 04:00:00
406,549,30000000316,10000000093,EMA0064975,1 tablet,Q8H,2026-03-02 06:00:00,2026-03-03 05:00:00
407,1095,30000000183,10000000124,EMA0043032,40 mg,QD,2025-02-04 02:00:00,2025-02-06 17:00:00
408,308,30000000242,10000000111,EMA0010295,1 vial,BID,2026-06-20 19:00:00,2026-06-25 19:00:00
409,1085,30000000154,10000000131,EMA0059468,1 vial,BID,2025-11-01 11:00:00,2025-11-08 11:00:00
410,288,30000000192,10000000036,EMA0018665,1 capsule,QD,2026-04-22 04:00:00,2026-04-25 04:00:00
411,1,30000000489,10000000039,EMA0047452,500 mg,Q8H,2025-04-18 11:00:00,2025-04-21 11:00:00
412,395,30000000152,10000000013,EMA0017683,1 capsule,Q6H,2026-03-16 13:00:00,2026-03-23 13:00:00
413,787,30000000232,10000000079,EMA0024967,1 tablet,QD,2026-04-28 11:00:00,2026-05-04 11:00:00
414,557,30000000015,10000000095,EMA0066859,1 capsule,QD,2026-04-29 19:00:00,2026-05-01 19:00:00
415,694,30000000471,10000000037,EMA0016962,1 capsule,BID,2025-05-06 15:00:00,2025-05-13 07:00:00
416,670,30000000367,10000000014,EMA0061433,1 vial,Q8H,2025-09-11 00:00:00,2025-09-12 16:00:00
417,279,30000000267,10000000078,EMA0045248,500 mg,TID,2026-09-12 21:00:00,2026-09-14 21:00:00
418,678,30000000007,10000000004,EMA0067800,1 tablet,QD,2025-05-25 03:00:00,2025-05-31 03:00:00
419,495,30000000059,10000000029,EMA0064407,1 tablet,BID,2025-04-11 17:00:00,2025-04-16 10:00:00
420,755,30000000098,10000000096,EMA0073236,40 mg,Q6H,2026-07-22 09:00:00,2026-07-24 20:00:00
421,848,30000000279,10000000097,EMA0000594,500 mg,Q8H,2025-03-19 09:00:00,2025-03-20 08:00:00
422,1181,30000000013,10000000117,EMA0003264,1 vial,Q6H,2026-09-07 16:00:00,2026-09-13 16:00:00
423,331,30000000275,10000000103,EMA0051250,1 vial,BID,2026-10-04 10:00:00,2026-10-06 10:00:00
424,354,30000000258,10000000078,EMA0019223,40 mg,TID,2025-12-30 12:00:00,2026-01-03 12:00:00
425,336,30000000097,10000000086,EMA0073108,40 mg,TID,2026-11-02 19:00:00,2026-11-03 19:00:00
426,742,30000000243,10000000119,EMA0002573,40 mg,Q6H,2026-03-08 02:00:00,2026-03-10 02:00:00
427,27,30000000338,10000000046,EMA0049002,1 vial,BID,2025-10-10 20:00:00,2025-10-14 20:00:00
428,714,30000000449,10000000046,EMA0070647,40 mg,BID,2025-05-25 21:00:00,2025-05-27 08:00:00
429,96,30000000079,10000000096,EMA0019888,1 tablet,QD,2026-08-01 13:00:00,2026-08-05 02:00:00
430,113,30000000048,10000000066,EMA0017696,1 capsule,Q6H,2026-04-11 00:00:00,2026-04-13 00:00:00
431,134,30000000156,10000000064,EMA0060796,1 vial,TID,2025-07-16 01:00:00,2025-07-17 01:00:00
432,380,30000000298,10000000121,EMA0024815,1 capsule,Q8H,2025-12-12 07:00:00,2025-12-16 07:00:00
433,325,30000000264,10000000080,EMA0020978,1 vial,TID,2025-02-09 13:00:00,2025-02-10 02:00:00
434,726,30000000356,10000000039,EMA0035758,1 tablet,Q6H,2026-09-10 23:00:00,2026-09-17 23:00:00
435,552,30000000072,10000000129,EMA0094909,1 vial,Q8H,2025-12-24 12:00:00,2025-12-31 12:00:00
436,254,30000000412,10000000028,EMA0028100,1 tablet,Q6H,2025-06-10 15:00:00,2025-06-17 15:00:00
437,714,30000000449,10000000048,EMA0048996,40 mg,QD,2025-05-25 12:00:00,2025-05-27 08:00:00
438,487,30000000419,10000000129,EMA0061106,1 vial,TID,2026-07-04 20:00:00,2026-07-08 11:00:00
439,1067,30000000426,10000000060,EMA0063301,500 mg,TID,2025-09-17 21:00:00,2025-09-20 21:00:00
440,1188,30000000224,10000000095,EMA0045207,1 capsule,Q8H,2025-10-19 07:00:00,2025-10-25 07:00:00
441,401,30000000428,10000000038,EMA0030826,500 mg,TID,2026-07-02 08:00:00,2026-07-08 08:00:00
442,1057,30000000024,10000000112,EMA0011420,1 tablet,Q8H,2026-05-02 19:00:00,2026-05-03 11:00:00
443,227,30000000194,10000000047,EMA0015694,40 mg,QD,2026-10-08 21:00:00,2026-10-10 21:00:00
444,648,30000000148,10000000120,EMA0033668,40 mg,Q6H,2026-06-09 03:00:00,2026-06-11 03:00:00
445,503,30000000213,10000000002,EMA0027663,1 capsule,Q6H,2026-01-04 05:00:00,2026-01-07 05:00:00
446,921,30000000033,10000000095,EMA0067390,40 mg,QD,2025-11-22 01:00:00,2025-11-24 01:00:00
447,1183,30000000289,10000000026,EMA0004239,40 mg,Q6H,2025-08-18 21:00:00,2025-08-20 16:00:00
448,429,30000000100,10000000076,EMA0027459,40 mg,TID,2025-07-08 01:00:00,2025-07-11 00:00:00
449,1089,30000000351,10000000001,EMA0092346,1 tablet,Q8H,2025-05-14 02:00:00,2025-05-20 02:00:00
450,722,30000000478,10000000039,EMA0093197,1 capsule,QD,2026-08-25 23:00:00,2026-08-27 10:00:00
451,926,30000000108,10000000129,EMA0031924,1 vial,Q6H,2026-11-04 18:00:00,2026-11-07 18:00:00
452,408,30000000194,10000000002,EMA0066871,500 mg,TID,2025-09-29 09:00:00,2025-10-01 09:00:00
453,589,30000000411,10000000085,EMA0088945,40 mg,Q6H,2025-02-13 19:00:00,2025-02-14 19:00:00
454,477,30000000097,10000000100,EMA0030957,1 tablet,Q8H,2025-11-25 07:00:00,2025-11-29 07:00:00
455,205,30000000285,10000000057,EMA0007921,1 capsule,Q6H,2026-11-20 20:00:00,2026-11-22 20:00:00
456,535,30000000175,10000000093,EMA0027821,1 capsule,Q8H,2026-03-26 01:00:00,2026-04-01 01:00:00
457,970,30000000111,10000000090,EMA0094389,1 vial,Q6H,2025-07-18 01:00:00,2025-07-19 23:00:00
458,909,30000000162,10000000004,EMA0018542,1 tablet,BID,2026-02-27 15:00:00,2026-03-02 09:00:00
459,1040,30000000172,10000000087,EMA0049235,1 tablet,TID,2025-09-13 10:00:00,2025-09-20 10:00:00
460,1104,30000000469,10000000065,EMA0076861,1 tablet,TID,2025-07-24 17:00:00,2025-07-25 17:00:00
461,667,30000000046,10000000101,EMA0054360,1 capsule,TID,2025-08-01 23:00:00,2025-08-02 04:00:00
462,267,30000000430,10000000033,EMA0095652,1 tablet,Q8H,2025-06-28 04:00:00,2025-07-04 04:00:00
463,1026,30000000146,10000000133,EMA0019538,1 capsule,QD,2025-03-05 13:00:00,2025-03-12 13:00:00
464,636,30000000390,10000000063,EMA0069674,1 vial,Q8H,2025-08-21 07:00:00,2025-08-22 07:00:00
465,834,30000000255,10000000108,EMA0000824,500 mg,TID,2026-04-18 17:00:00,2026-04-20 19:00:00
466,789,30000000063,10000000131,EMA0013305,40 mg,BID,2026-10-05 23:00:00,2026-10-08 23:00:00
467,462,30000000173,10000000091,EMA0020466,1 vial,Q8H,2025-07-25 00:00:00,2025-07-29 00:00:00
468,373,30000000051,10000000037,EMA0072006,1 vial,TID,2026-05-01 01:00:00,2026-05-02 01:00:00
469,11,30000000211,10000000013,EMA0029440,1 tablet,Q8H,2026-03-03 06:00:00,2026-03-04 16:00:00
470,477,30000000097,10000000100,EMA0041862,1 capsule,TID,2025-11-25 09:00:00,2025-11-26 09:00:00
471,178,30000000254,10000000131,EMA0013569,1 capsule,QD,2026-02-19 18:00:00,2026-02-20 14:00:00
472,927,30000000121,10000000034,EMA0054852,500 mg,TID,2025-12-02 23:00:00,2025-12-05 23:00:00
473,872,30000000440,10000000127,EMA0037773,1 tablet,QD,2026-04-10 19:00:00,2026-04-13 19:00:00
474,895,30000000098,10000000054,EMA0052398,1 vial,Q6H,2025-02-16 10:00:00,2025-02-20 10:00:00
475,231,30000000192,10000000090,EMA0034188,1 tablet,Q8H,2025-10-06 03:00:00,2025-10-07 03:00:00
476,365,30000000371,10000000015,EMA0089695,500 mg,BID,2026-11-04 21:00:00,2026-11-11 21:00:00
477,881,30000000193,10000000094,EMA0023845,40 mg,Q6H,2026-10-03 23:00:00,2026-10-09 23:00:00
478,288,30000000192,10000000042,EMA0024352,500 mg,QD,2026-04-21 04:00:00,2026-04-23 04:00:00
479,130,30000000089,10000000041,EMA0062999,1 tablet,Q8H,2026-06-09 10:00:00,2026-06-16 10:00:00
480,167,30000000474,10000000004,EMA0009732,1 capsule,TID,2025-08-14 07:00:00,2025-08-17 07:00:00
481,112,30000000393,10000000047,EMA0031876,1 tablet,Q6H,2026-06-08 19:00:00,2026-06-12 19:00:00
482,500,30000000328,10000000113,EMA0082622,1 capsule,Q6H,2026-10-09 20:00:00,2026-10-10 01:00:00
483,19,30000000043,10000000066,EMA0001689,1 tablet,Q8H,2026-03-23 03:00:00,2026-03-26 03:00:00
484,306,30000000353,10000000055,EMA0060846,1 capsule,Q6H,2026-07-25 10:00:00,2026-07-28 04:00:00
485,732,30000000285,10000000121,EMA0025044,1 vial,Q8H,2026-03-23 01:00:00,2026-03-28 01:00:00
486,72,30000000216,10000000083,EMA0011466,500 mg,QD,2026-04-03 11:00:00,2026-04-04 11:00:00
487,94,30000000248,10000000043,EMA0087964,1 capsule,Q6H,2026-09-12 14:00:00,2026-09-14 13:00:00
488,447,30000000493,10000000051,EMA0003795,1 vial,Q6H,2025-01-12 15:00:00,2025-01-18 15:00:00
489,1017,30000000470,10000000000,EMA0059519,1 tablet,Q8H,2026-07-29 02:00:00,2026-07-31 02:00:00
490,1148,30000000402,10000000117,EMA0067599,40 mg,BID,2025-07-23 16:00:00,2025-07-25 01:00:00
491,940,30000000043,10000000112,EMA0082807,500 mg,Q6H,2025-07-13 05:00:00,2025-07-20 05:00:00
492,763,30000000259,10000000041,EMA0093963,1 vial,Q8H,2026-05-02 21:00:00,2026-05-03 21:00:00
493,1084,30000000040,10000000105,EMA0077565,1 capsule,BID,2025-03-01 04:00:00,2025-03-05 04:00:00
494,933,30000000230,10000000070,EMA0041339,1 tablet,Q6H,2025-11-22 18:00:00,2025-11-28 18:00:00
495,102,30000000444,10000000103,EMA0044054,500 mg,TID,2026-07-21 07:00:00,2026-07-28 07:00:00
496,430,30000000480,10000000129,EMA0054102,1 capsule,Q6H,2025-11-30 18:00:00,2025-12-04 18:00:00
497,834,30000000255,10000000110,EMA0065653,1 tablet,Q8H,2026-04-19 18:00:00,2026-04-20 19:00:00
498,64,30000000454,10000000110,EMA0092661,1 tablet,Q6H,2025-11-22 23:00:00,2025-11-24 23:00:00
499,517,30000000113,10000000075,EMA0065839,1 vial,TID,2026-10-26 03:00:00,2026-11-01 03:00:00
500,677,30000000192,10000000027,EMA0057286,1 tablet,Q8H,2026-09-09 02:00:00,2026-09-11 02:00:00
501,458,30000000174,10000000050,EMA0041511,1 vial,Q8H,2025-01-23 14:00:00,2025-01-24 14:00:00
502,722,30000000478,10000000039,EMA0059937,500 mg,Q6H,2026-08-26 19:00:00,2026-08-27 10:00:00
503,522,30000000334,10000000096,EMA0072373,1 tablet,Q8H,2025-09-08 02:00:00,2025-09-11 01:00:00
504,302,30000000023,10000000009,EMA0094867,1 vial,Q6H,2025-11-03 12:00:00,2025-11-09 12:00:00
505,385,30000000158,10000000009,EMA0066760,1 tablet,TID,2026-05-15 22:00:00,2026-05-17 22:00:00
506,875,30000000308,10000000085,EMA0007596,40 mg,QD,2026-03-07 14:00:00,2026-03-09 18:00:00
507,18,30000000043,10000000064,EMA0060587,1 capsule,BID,2026-01-16 12:00:00,2026-01-17 12:00:00
508,84,30000000438,10000000000,EMA0009522,40 mg,BID,2026-05-30 10:00:00,2026-06-03 10:00:00
509,782,30000000130,10000000068,EMA0033500,40 mg,Q8H,2025-04-16 12:00:00,2025-04-20 12:00:00
510,613,30000000428,10000000117,EMA0056258,500 mg,TID,2026-03-31 02:00:00,2026-04-02 02:00:00
511,434,30000000176,10000000112,EMA0086707,500 mg,Q8H,2026-05-04 22:00:00,2026-05-08 14:00:00
512,806,30000000254,10000000002,EMA0000598,1 tablet,TID,2026-12-03 01:00:00,2026-12-07 04:00:00
513,339,30000000141,10000000087,EMA0005550,40 mg,Q6H,2026-05-15 18:00:00,2026-05-16 07:00:00
514,337,30000000047,10000000108,EMA0095201,1 capsule,Q6H,2026-05-08 07:00:00,2026-05-09 15:00:00
515,475,30000000476,10000000038,EMA0081750,1 capsule,QD,2025-11-24 17:00:00,2025-11-26 20:00:00
516,707,30000000040,10000000029,EMA0059945,1 tablet,TID,2025-11-13 00:00:00,2025-11-15 19:00:00
517,668,30000000022,10000000132,EMA0063043,1 vial,Q8H,2025-11-05 13:00:00,2025-11-08 13:00:00
518,693,30000000331,10000000090,EMA0030374,40 mg,TID,2025-10-27 15:00:00,2025-10-28 15:00:00
519,124,30000000394,10000000039,EMA0041845,1 tablet,QD,2026-09-03 02:00:00,2026-09-07 02:00:00
520,1041,30000000240,10000000067,EMA0027872,1 capsule,BID,2025-06-03 06:00:00,2025-06-04 06:00:00
521,971,30000000314,10000000023,EMA0064203,1 tablet,QD,2026-03-29 15:00:00,2026-04-01 15:00:00
522,669,30000000432,10000000088,EMA0070760,40 mg,Q8H,2026-09-05 15:00:00,2026-09-06 15:00:00
523,716,30000000244,10000000001,EMA0063984,1 tablet,TID,2025-11-07 06:00:00,2025-11-09 22:00:00
524,218,30000000424,10000000074,EMA0038885,40 mg,Q8H,2025-09-26 02:00:00,2025-10-01 00:00:00
525,203,30000000391,10000000015,EMA0005112,1 vial,TID,2025-12-08 03:00:00,2025-12-10 03:00:00
526,589,30000000411,10000000085,EMA0048388,1 capsule,Q6H,2025-02-13 19:00:00,2025-02-16 19:00:00
527,511,30000000380,10000000009,EMA0074673,1 vial,BID,2026-07-22 15:00:00,2026-07-25 14:00:00
528,448,30000000164,10000000123,EMA0065116,1 vial,Q8H,2025-07-03 04:00:00,2025-07-03 05:00:00
529,976,30000000408,10000000038,EMA0020594,1 capsule,Q6H,2025-10-14 16:00:00,2025-10-20 16:00:00
530,194,30000000001,10000000082,EMA0059213,40 mg,TID,2026-06-05 21:00:00,2026-06-09 04:00:00
531,943,30000000353,10000000108,EMA0010891,40 mg,TID,2025-12-15 05:00:00,2025-12-19 05:00:00
532,879,30000000409,10000000086,EMA0060728,1 vial,Q8H,2025-01-16 07:00:00,2025-01-21 22:00:00
533,1047,30000000249,10000000045,EMA0026943,500 mg,Q6H,2025-12-11 21:00:00,2025-12-15 21:00:00
534,417,30000000048,10000000067,EMA0078729,500 mg,QD,2025-05-14 22:00:00,2025-05-20 22:00:00
535,443,30000000088,10000000000,EMA0004024,40 mg,Q6H,2025-10-18 22:00:00,2025-10-19 20:00:00
536,208,30000000427,10000000095,EMA0006929,40 mg,BID,2026-09-01 02:00:00,2026-09-05 02:00:00
537,246,30000000060,10000000126,EMA0089195,1 capsule,Q6H,2026-11-02 16:00:00,2026-11-03 16:00:00
538,489,30000000108,10000000057,EMA0021374,1 vial,TID,2026-05-01 15:00:00,2026-05-03 15:00:00
539,685,30000000121,10000000084,EMA0076063,1 vial,QD,2025-12-15 03:00:00,2025-12-16 03:00:00
540,897,30000000361,10000000003,EMA0093005,40 mg,QD,2026-05-09 10:00:00,2026-05-16 10:00:00
541,470,30000000200,10000000111,EMA0021266,1 capsule,TID,2025-08-11 08:00:00,2025-08-14 08:00:00
542,300,30000000379,10000000042,EMA0045325,500 mg,Q8H,2026-04-19 14:00:00,2026-04-22 13:00:00
543,661,30000000457,10000000080,EMA0082577,40 mg,TID,2025-03-13 13:00:00,2025-03-18 13:00:00
544,464,30000000234,10000000073,EMA0037009,40 mg,TID,2025-02-17 03:00:00,2025-02-18 03:00:00
545,44,30000000246,10000000000,EMA0063336,40 mg,TID,2026-01-20 01:00:00,2026-01-22 01:00:00
546,514,30000000029,10000000081,EMA0069956,1 capsule,QD,2025-07-16 12:00:00,2025-07-18 03:00:00
547,529,30000000298,10000000071,EMA0003350,1 tablet,BID,2025-02-11 00:00:00,2025-02-13 12:00:00
548,638,30000000155,10000000118,EMA0068956,1 capsule,QD,2025-04-27 02:00:00,2025-04-30 02:00:00
549,159,30000000027,10000000026,EMA0003818,500 mg,QD,2025-11-11 18:00:00,2025-11-12 14:00:00
550,130,30000000089,10000000036,EMA0013490,40 mg,BID,2026-06-08 10:00:00,2026-06-11 10:00:00
551,129,30000000089,10000000078,EMA0054527,1 capsule,BID,2026-04-25 06:00:00,2026-04-29 20:00:00
552,40,30000000018,10000000113,EMA0062922,500 mg,BID,2025-10-19 08:00:00,2025-10-23 08:00:00
553,86,30000000351,10000000056,EMA0005263,40 mg,QD,2026-01-03 23:00:00,2026-01-07 22:00:00
554,51,30000000431,10000000047,EMA0070772,1 tablet,BID,2026-03-18 08:00:00,2026-03-19 22:00:00
555,613,30000000428,10000000117,EMA0094462,40 mg,Q8H,2026-04-01 19:00:00,2026-04-05 19:00:00
556,337,30000000047,10000000108,EMA0018081,500 mg,Q6H,2026-05-07 14:00:00,2026-05-09 15:00:00
557,454,30000000092,10000000090,EMA0001760,40 mg,Q8H,2025-09-14 11:00:00,2025-09-19 23:00:00
558,429,30000000100,10000000076,EMA0022138,1 tablet,Q8H,2025-07-08 16:00:00,2025-07-11 00:00:00
559,317,30000000245,10000000111,EMA0025944,1 tablet,Q8H,2026-06-14 20:00:00,2026-06-21 20:00:00
560,1143,30000000475,10000000028,EMA0011972,1 capsule,Q8H,2025-10-09 16:00:00,2025-10-10 11:00:00
561,347,30000000254,10000000105,EMA0063126,500 mg,BID,2026-06-08 13:00:00,2026-06-09 13:00:00
562,285,30000000171,10000000049,EMA0061835,1 tablet,BID,2025-07-28 07:00:00,2025-07-30 07:00:00
563,1073,30000000159,10000000021,EMA0066663,1 capsule,BID,2026-08-21 05:00:00,2026-08-23 05:00:00
564,554,30000000093,10000000120,EMA0001297,1 tablet,QD,2026-02-05 05:00:00,2026-02-06 05:00:00
565,111,30000000393,10000000118,EMA0001862,1 tablet,Q8H,2026-04-25 07:00:00,2026-05-01 07:00:00
566,926,30000000108,10000000129,EMA0007467,1 vial,TID,2026-11-04 18:00:00,2026-11-08 17:00:00
567,714,30000000449,10000000046,EMA0018944,500 mg,TID,2025-05-26 06:00:00,2025-05-27 08:00:00
568,101,30000000444,10000000019,EMA0034708,500 mg,TID,2026-06-05 09:00:00,2026-06-08 09:00:00
569,690,30000000354,10000000086,EMA0089954,500 mg,TID,2026-03-28 12:00:00,2026-03-29 01:00:00
570,116,30000000240,10000000063,EMA0022684,1 vial,TID,2026-06-09 04:00:00,2026-06-16 04:00:00
571,1082,30000000341,10000000035,EMA0067549,500 mg,TID,2025-06-28 00:00:00,2025-06-30 00:00:00
572,951,30000000428,10000000104,EMA0052416,1 tablet,TID,2025-09-03 06:00:00,2025-09-04 06:00:00
573,111,30000000393,10000000118,EMA0055385,40 mg,BID,2026-04-24 19:00:00,2026-04-26 19:00:00
574,1092,30000000415,10000000030,EMA0085849,1 vial,QD,2026-04-18 08:00:00,2026-04-24 02:00:00
575,356,30000000327,10000000065,EMA0001568,40 mg,Q8H,2025-01-05 22:00:00,2025-01-08 06:00:00
576,391,30000000032,10000000127,EMA0058313,40 mg,BID,2026-03-11 20:00:00,2026-03-12 20:00:00
577,1000,30000000229,10000000036,EMA0054947,1 capsule,Q6H,2025-07-19 20:00:00,2025-07-26 20:00:00
578,120,30000000063,10000000074,EMA0027013,500 mg,QD,2026-06-16 20:00:00,2026-06-19 20:00:00
579,263,30000000102,10000000072,EMA0095569,500 mg,QD,2025-06-07 05:00:00,2025-06-08 02:00:00
580,100,30000000417,10000000057,EMA0067154,1 vial,TID,2026-09-04 06:00:00,2026-09-09 12:00:00
581,343,30000000411,10000000029,EMA0088980,1 tablet,Q8H,2025-08-21 21:00:00,2025-08-22 21:00:00
582,962,30000000000,10000000010,EMA0025925,1 capsule,BID,2026-04-20 18:00:00,2026-04-21 18:00:00
583,676,30000000383,10000000112,EMA0063021,1 vial,BID,2026-06-27 01:00:00,2026-07-01 01:00:00
584,468,30000000362,10000000080,EMA0007885,500 mg,TID,2026-08-26 21:00:00,2026-08-27 21:00:00
585,1089,30000000351,10000000001,EMA0014766,1 capsule,TID,2025-05-15 10:00:00,2025-05-18 10:00:00
586,756,30000000127,10000000065,EMA0072926,1 vial,QD,2026-07-03 07:00:00,2026-07-06 02:00:00
587,1142,30000000449,10000000086,EMA0030799,1 capsule,TID,2025-04-14 12:00:00,2025-04-18 12:00:00
588,835,30000000034,10000000129,EMA0001682,500 mg,QD,2026-10-03 07:00:00,2026-10-05 02:00:00
589,361,30000000091,10000000012,EMA0056752,1 tablet,TID,2025-12-07 08:00:00,2025-12-13 08:00:00
590,943,30000000353,10000000108,EMA0024452,500 mg,Q6H,2025-12-15 23:00:00,2025-12-22 21:00:00
591,246,30000000060,10000000126,EMA0059023,500 mg,Q8H,2026-11-03 02:00:00,2026-11-07 12:00:00
592,616,30000000187,10000000082,EMA0024177,40 mg,QD,2026-01-29 17:00:00,2026-01-30 17:00:00
593,345,30000000144,10000000057,EMA0076999,1 capsule,QD,2025-03-09 12:00:00,2025-03-10 12:00:00
594,984,30000000012,10000000087,EMA0000484,500 mg,Q8H,2025-06-05 19:00:00,2025-06-08 17:00:00
595,820,30000000265,10000000042,EMA0001481,40 mg,Q8H,2025-09-02 06:00:00,2025-09-07 06:00:00
596,665,30000000339,10000000111,EMA0061339,40 mg,Q8H,2025-05-27 21:00:00,2025-05-30 21:00:00
597,756,30000000127,10000000065,EMA0035996,1 vial,Q8H,2026-07-02 07:00:00,2026-07-06 02:00:00
598,68,30000000362,10000000130,EMA0057895,1 tablet,TID,2025-07-23 05:00:00,2025-07-26 18:00:00
599,457,30000000105,10000000030,EMA0077761,500 mg,Q8H,2026-08-21 22:00:00,2026-08-23 12:00:00
600,840,30000000024,10000000118,EMA0094386,500 mg,BID,2026-06-14 16:00:00,2026-06-16 07:00:00
601,1156,30000000325,10000000109,EMA0026725,500 mg,TID,2025-09-30 23:00:00,2025-10-05 23:00:00
602,1106,30000000324,10000000046,EMA0030190,1 tablet,BID,2026-11-04 17:00:00,2026-11-06 22:00:00
603,137,30000000139,10000000005,EMA0021709,40 mg,QD,2026-06-17 05:00:00,2026-06-18 05:00:00
604,184,30000000044,10000000075,EMA0003787,500 mg,Q8H,2025-01-13 12:00:00,2025-01-13 13:00:00
605,1083,30000000260,10000000084,EMA0076198,1 vial,Q8H,2026-08-01 22:00:00,2026-08-07 13:00:00
606,1044,30000000382,10000000078,EMA0003459,500 mg,BID,2025-10-17 01:00:00,2025-10-18 02:00:00
607,602,30000000470,10000000029,EMA0006582,1 tablet,TID,2026-03-28 02:00:00,2026-03-31 02:00:00
608,181,30000000002,10000000095,EMA0077857,500 mg,BID,2025-01-12 08:00:00,2025-01-12 23:00:00
609,707,30000000040,10000000029,EMA0057036,500 mg,TID,2025-11-13 19:00:00,2025-11-15 19:00:00
610,1107,30000000158,10000000005,EMA0034823,500 mg,Q8H,2025-11-02 12:00:00,2025-11-03 03:00:00
611,980,30000000418,10000000081,EMA0030279,1 capsule,TID,2025-04-01 21:00:00,2025-04-04 21:00:00
612,505,30000000009,10000000082,EMA0046158,40 mg,Q6H,2026-01-30 18:00:00,2026-02-02 18:00:00
613,1023,30000000089,10000000048,EMA0030965,1 tablet,BID,2025-12-10 07:00:00,2025-12-14 07:00:00
614,44,30000000246,10000000003,EMA0050064,500 mg,TID,2026-01-20 09:00:00,2026-01-23 22:00:00
615,1049,30000000377,10000000051,EMA0086098,500 mg,Q8H,2026-07-21 21:00:00,2026-07-23 21:00:00
616,644,30000000172,10000000123,EMA0072004,40 mg,BID,2026-11-22 00:00:00,2026-11-28 20:00:00
617,228,30000000028,10000000114,EMA0035949,500 mg,BID,2025-01-07 10:00:00,2025-01-08 22:00:00
618,902,30000000223,10000000009,EMA0051508,40 mg,QD,2026-05-27 08:00:00,2026-05-31 08:00:00
619,775,30000000287,10000000086,EMA0032534,1 tablet,QD,2026-04-15 18:00:00,2026-04-22 18:00:00
620,112,30000000393,10000000048,EMA0077242,40 mg,Q8H,2026-06-08 12:00:00,2026-06-09 12:00:00
621,1061,30000000335,10000000094,EMA0021202,40 mg,QD,2025-01-19 17:00:00,2025-01-21 23:00:00
622,414,30000000238,10000000039,EMA0094452,1 capsule,BID,2025-08-02 10:00:00,2025-08-04 00:00:00
623,774,30000000105,10000000006,EMA0024565,40 mg,QD,2025-12-20 23:00:00,2025-12-25 23:00:00
624,1053,30000000477,10000000014,EMA0091485,40 mg,Q8H,2025-01-01 10:00:00,2025-01-02 13:00:00
625,243,30000000090,10000000063,EMA0065761,1 tablet,TID,2025-09-19 00:00:00,2025-09-21 16:00:00
626,210,30000000030,10000000093,EMA0019474,1 tablet,TID,2026-07-01 15:00:00,2026-07-02 06:00:00
627,1039,30000000280,10000000063,EMA0084103,1 tablet,Q6H,2026-09-16 03:00:00,2026-09-17 03:00:00
628,80,30000000260,10000000102,EMA0047142,1 tablet,QD,2026-03-07 04:00:00,2026-03-09 04:00:00
629,1041,30000000240,10000000067,EMA0034299,40 mg,Q6H,2025-06-03 14:00:00,2025-06-08 14:00:00
630,334,30000000046,10000000121,EMA0015869,40 mg,Q6H,2026-09-21 18:00:00,2026-09-23 18:00:00
631,825,30000000060,10000000061,EMA0048120,1 tablet,Q8H,2025-10-17 17:00:00,2025-10-19 17:00:00
632,203,30000000391,10000000016,EMA0036630,500 mg,TID,2025-12-09 10:00:00,2025-12-14 10:00:00
633,1070,30000000036,10000000041,EMA0080962,1 vial,BID,2026-02-27 11:00:00,2026-03-04 19:00:00
634,975,30000000350,10000000029,EMA0053979,40 mg,Q8H,2025-09-24 07:00:00,2025-09-29 16:00:00
635,83,30000000438,10000000086,EMA0072337,1 tablet,TID,2026-04-15 07:00:00,2026-04-16 07:00:00
636,925,30000000068,10000000118,EMA0026744,1 capsule,TID,2026-07-21 19:00:00,2026-07-27 08:00:00
637,762,30000000111,10000000100,EMA0037637,1 capsule,TID,2025-12-10 19:00:00,2025-12-13 19:00:00
638,1089,30000000351,10000000003,EMA0053943,1 tablet,QD,2025-05-14 15:00:00,2025-05-17 15:00:00
639,55,30000000135,10000000038,EMA0016818,500 mg,QD,2026-05-24 04:00:00,2026-05-26 12:00:00
640,5,30000000489,10000000038,EMA0062886,500 mg,Q6H,2026-01-19 04:00:00,2026-01-22 04:00:00
641,233,30000000404,10000000001,EMA0059686,40 mg,TID,2025-07-17 04:00:00,2025-07-23 04:00:00
642,1088,30000000373,10000000134,EMA0075900,40 mg,QD,2025-12-24 06:00:00,2025-12-25 06:00:00
643,414,30000000238,10000000039,EMA0058954,500 mg,QD,2025-08-02 12:00:00,2025-08-04 00:00:00
644,251,30000000214,10000000036,EMA0054917,40 mg,QD,2026-10-24 02:00:00,2026-10-28 02:00:00
645,14,30000000211,10000000013,EMA0055344,1 capsule,QD,2026-09-29 04:00:00,2026-10-01 03:00:00
646,176,30000000472,10000000121,EMA0089603,500 mg,Q6H,2026-04-13 12:00:00,2026-04-15 01:00:00
647,51,30000000431,10000000047,EMA0083585,1 tablet,BID,2026-03-16 11:00:00,2026-03-18 11:00:00
648,682,30000000182,10000000073,EMA0014106,1 tablet,Q6H,2025-10-21 22:00:00,2025-10-25 11:00:00
649,1166,30000000301,10000000038,EMA0018981,500 mg,TID,2025-03-11 12:00:00,2025-03-16 03:00:00
650,702,30000000346,10000000054,EMA0073815,40 mg,Q8H,2025-07-07 18:00:00,2025-07-13 08:00:00
651,778,30000000344,10000000129,EMA0037308,40 mg,QD,2026-09-25 20:00:00,2026-09-26 20:00:00
652,122,30000000394,10000000009,EMA0040742,1 capsule,QD,2026-06-04 21:00:00,2026-06-06 13:00:00
653,1132,30000000029,10000000010,EMA0023632,1 vial,TID,2026-12-08 10:00:00,2026-12-09 10:00:00
654,781,30000000088,10000000011,EMA0007750,1 capsule,Q8H,2025-12-27 20:00:00,2026-01-01 20:00:00
655,100,30000000417,10000000058,EMA0023751,1 tablet,Q6H,2026-09-02 16:00:00,2026-09-04 16:00:00
656,236,30000000172,10000000007,EMA0018908,1 tablet,Q8H,2026-03-22 22:00:00,2026-03-24 22:00:00
657,279,30000000267,10000000078,EMA0067782,500 mg,TID,2026-09-12 11:00:00,2026-09-16 11:00:00
658,480,30000000242,10000000033,EMA0063308,1 vial,Q6H,2025-03-05 15:00:00,2025-03-06 06:00:00
659,842,30000000376,10000000000,EMA0092819,1 vial,Q8H,2025-06-03 18:00:00,2025-06-07 18:00:00
660,631,30000000120,10000000021,EMA0029381,1 capsule,Q8H,2025-08-30 18:00:00,2025-09-05 18:00:00
661,418,30000000131,10000000006,EMA0043791,40 mg,Q6H,2025-11-26 02:00:00,2025-11-28 21:00:00
662,1043,30000000492,10000000104,EMA0068381,40 mg,Q6H,2025-04-26 07:00:00,2025-05-03 07:00:00
663,800,30000000000,10000000023,EMA0093826,40 mg,BID,2025-01-11 19:00:00,2025-01-13 19:00:00
664,1200,30000000403,10000000027,EMA0026086,500 mg,Q6H,2025-05-29 00:00:00,2025-05-30 00:00:00
665,198,30000000234,10000000131,EMA0034304,1 capsule,TID,2026-10-14 05:00:00,2026-10-19 05:00:00
666,207,30000000026,10000000100,EMA0094552,500 mg,TID,2025-03-23 10:00:00,2025-03-27 10:00:00
667,221,30000000258,10000000084,EMA0030725,1 capsule,BID,2025-08-12 23:00:00,2025-08-18 23:00:00
668,1117,30000000353,10000000021,EMA0052290,1 vial,BID,2025-02-11 14:00:00,2025-02-17 14:00:00
669,322,30000000423,10000000012,EMA0017485,1 tablet,TID,2026-02-23 17:00:00,2026-03-01 17:00:00
670,179,30000000118,10000000000,EMA0093433,1 tablet,Q6H,2025-01-11 07:00:00,2025-01-14 02:00:00
671,897,30000000361,10000000003,EMA0042194,40 mg,Q6H,2026-05-09 14:00:00,2026-05-15 14:00:00
672,357,30000000023,10000000040,EMA0011679,500 mg,TID,2026-02-14 21:00:00,2026-02-20 21:00:00
673,426,30000000117,10000000111,EMA0014232,500 mg,TID,2025-06-16 12:00:00,2025-06-19 12:00:00
674,577,30000000346,10000000100,EMA0037430,1 tablet,QD,2025-03-01 10:00:00,2025-03-08 10:00:00
675,819,30000000459,10000000055,EMA0068238,500 mg,QD,2025-06-08 19:00:00,2025-06-09 19:00:00
676,554,30000000093,10000000123,EMA0089806,1 tablet,QD,2026-02-04 14:00:00,2026-02-11 14:00:00
677,44,30000000246,10000000000,EMA0071024,500 mg,QD,2026-01-19 00:00:00,2026-01-22 00:00:00
678,1110,30000000377,10000000085,EMA0088152,40 mg,Q8H,2026-01-04 02:00:00,2026-01-05 02:00:00
679,1018,30000000100,10000000083,EMA0009071,1 tablet,TID,2026-10-03 23:00:00,2026-10-04 23:00:00
680,263,30000000102,10000000072,EMA0047163,40 mg,QD,2025-06-06 05:00:00,2025-06-08 02:00:00
681,148,30000000188,10000000087,EMA0094115,40 mg,TID,2025-07-16 03:00:00,2025-07-18 22:00:00
682,537,30000000195,10000000065,EMA0019968,40 mg,TID,2026-12-10 07:00:00,2026-12-14 19:00:00
683,351,30000000286,10000000068,EMA0058003,1 tablet,Q6H,2025-09-07 07:00:00,2025-09-12 18:00:00
684,193,30000000099,10000000075,EMA0084806,1 tablet,QD,2025-03-02 01:00:00,2025-03-05 02:00:00
685,417,30000000048,10000000065,EMA0051916,1 vial,TID,2025-05-16 05:00:00,2025-05-23 05:00:00
686,370,30000000274,10000000130,EMA0064578,1 tablet,TID,2026-12-10 15:00:00,2026-12-14 15:00:00
687,51,30000000431,10000000047,EMA0023880,500 mg,QD,2026-03-16 18:00:00,2026-03-19 18:00:00
688,397,30000000430,10000000006,EMA0076974,500 mg,BID,2026-05-21 18:00:00,2026-05-23 05:00:00
689,212,30000000358,10000000084,EMA0007783,1 tablet,QD,2025-12-29 10:00:00,2025-12-30 10:00:00
690,58,30000000201,10000000036,EMA0081483,1 capsule,BID,2025-10-05 20:00:00,2025-10-08 20:00:00
691,320,30000000191,10000000067,EMA0020878,1 capsule,BID,2026-01-11 11:00:00,2026-01-12 11:00:00
692,127,30000000494,10000000006,EMA0073798,40 mg,QD,2026-04-08 17:00:00,2026-04-10 17:00:00
693,919,30000000134,10000000032,EMA0004534,40 mg,QD,2025-11-30 15:00:00,2025-12-02 15:00:00
694,674,30000000396,10000000113,EMA0022289,1 tablet,BID,2026-06-22 10:00:00,2026-06-23 10:00:00
695,835,30000000034,10000000129,EMA0016081,1 capsule,Q8H,2026-10-03 23:00:00,2026-10-05 02:00:00
696,713,30000000411,10000000049,EMA0045223,1 capsule,BID,2025-04-10 11:00:00,2025-04-16 11:00:00
697,977,30000000041,10000000101,EMA0055411,40 mg,Q8H,2025-09-27 13:00:00,2025-09-28 17:00:00
698,95,30000000079,10000000009,EMA0083303,1 vial,BID,2026-06-17 12:00:00,2026-06-20 12:00:00
699,148,30000000188,10000000087,EMA0049240,40 mg,Q6H,2025-07-15 06:00:00,2025-07-18 22:00:00
700,1018,30000000100,10000000083,EMA0020975,40 mg,QD,2026-10-03 15:00:00,2026-10-05 03:00:00
701,193,30000000099,10000000080,EMA0086472,1 capsule,QD,2025-03-02 15:00:00,2025-03-05 02:00:00
702,746,30000000306,10000000049,EMA0069286,1 capsule,BID,2025-03-09 23:00:00,2025-03-11 23:00:00
703,696,30000000232,10000000000,EMA0026436,1 capsule,TID,2025-07-11 23:00:00,2025-07-12 21:00:00
704,157,30000000050,10000000096,EMA0025051,1 tablet,TID,2025-05-20 10:00:00,2025-05-21 18:00:00
705,595,30000000392,10000000063,EMA0091065,500 mg,Q6H,2025-05-23 16:00:00,2025-05-24 16:00:00
706,429,30000000100,10000000076,EMA0041947,1 vial,Q6H,2025-07-07 21:00:00,2025-07-11 00:00:00
707,586,30000000022,10000000014,EMA0074865,40 mg,BID,2025-04-08 03:00:00,2025-04-14 20:00:00
708,860,30000000447,10000000082,EMA0079572,1 tablet,BID,2026-03-06 03:00:00,2026-03-12 16:00:00
709,255,30000000357,10000000021,EMA0029583,1 capsule,Q8H,2025-04-10 06:00:00,2025-04-11 06:00:00
710,820,30000000265,10000000042,EMA0009304,40 mg,QD,2025-09-03 05:00:00,2025-09-04 05:00:00
711,937,30000000044,10000000004,EMA0080756,1 capsule,Q6H,2025-01-18 11:00:00,2025-01-19 11:00:00
712,1140,30000000313,10000000012,EMA0033745,1 vial,BID,2026-08-08 21:00:00,2026-08-09 21:00:00
713,1163,30000000050,10000000060,EMA0092008,1 vial,Q6H,2025-01-19 15:00:00,2025-01-21 15:00:00
714,384,30000000253,10000000074,EMA0038141,1 tablet,Q6H,2025-08-30 19:00:00,2025-09-03 19:00:00
715,1187,30000000416,10000000023,EMA0051354,1 tablet,BID,2025-01-16 23:00:00,2025-01-22 23:00:00
716,901,30000000024,10000000063,EMA0073132,1 capsule,TID,2026-08-21 13:00:00,2026-08-24 07:00:00
717,416,30000000326,10000000022,EMA0005020,40 mg,Q8H,2026-08-31 22:00:00,2026-09-01 03:00:00
718,570,30000000174,10000000109,EMA0034805,1 vial,QD,2026-07-19 16:00:00,2026-07-23 00:00:00
719,1057,30000000024,10000000112,EMA0041418,40 mg,TID,2026-05-01 14:00:00,2026-05-03 11:00:00
720,15,30000000043,10000000063,EMA0045001,500 mg,Q6H,2025-06-20 08:00:00,2025-06-21 03:00:00
721,37,30000000305,10000000057,EMA0032156,40 mg,BID,2026-05-13 00:00:00,2026-05-17 00:00:00
722,819,30000000459,10000000060,EMA0064921,1 capsule,Q8H,2025-06-09 09:00:00,2025-06-15 19:00:00
723,691,30000000105,10000000010,EMA0037024,500 mg,Q8H,2025-03-29 01:00:00,2025-04-02 12:00:00
724,518,30000000262,10000000091,EMA0001352,1 capsule,TID,2026-08-11 05:00:00,2026-08-12 05:00:00
725,107,30000000483,10000000116,EMA0078144,1 vial,BID,2026-06-10 17:00:00,2026-06-11 17:00:00
726,18,30000000043,10000000064,EMA0016309,1 vial,BID,2026-01-16 15:00:00,2026-01-18 11:00:00
727,1193,30000000171,10000000013,EMA0056230,40 mg,Q6H,2025-05-24 14:00:00,2025-05-25 07:00:00
728,864,30000000171,10000000022,EMA0078137,1 tablet,Q6H,2026-12-07 03:00:00,2026-12-14 03:00:00
729,319,30000000236,10000000130,EMA0072924,500 mg,BID,2025-01-05 15:00:00,2025-01-12 15:00:00
730,641,30000000329,10000000028,EMA0006992,1 tablet,Q8H,2026-07-16 20:00:00,2026-07-21 20:00:00
731,178,30000000254,10000000131,EMA0079048,40 mg,Q8H,2026-02-18 18:00:00,2026-02-19 18:00:00
732,64,30000000454,10000000110,EMA0072716,1 vial,BID,2025-11-21 18:00:00,2025-11-22 18:00:00
733,104,30000000472,10000000120,EMA0060665,40 mg,TID,2026-03-13 23:00:00,2026-03-17 17:00:00
734,753,30000000157,10000000065,EMA0088056,1 capsule,QD,2025-10-02 07:00:00,2025-10-07 07:00:00
735,721,30000000392,10000000047,EMA0082420,1 capsule,BID,2025-01-23 01:00:00,2025-01-28 01:00:00
736,1057,30000000024,10000000112,EMA0004655,500 mg,TID,2026-05-01 10:00:00,2026-05-03 11:00:00
737,43,30000000246,10000000002,EMA0019351,500 mg,Q8H,2025-11-12 19:00:00,2025-11-17 16:00:00
738,16,30000000043,10000000066,EMA0023949,500 mg,QD,2025-08-31 02:00:00,2025-09-04 00:00:00
739,84,30000000438,10000000000,EMA0042715,1 capsule,TID,2026-05-29 00:00:00,2026-06-02 00:00:00
740,905,30000000483,10000000049,EMA0043673,40 mg,TID,2026-09-30 04:00:00,2026-10-04 09:00:00
741,631,30000000120,10000000022,EMA0085290,1 tablet,Q8H,2025-08-31 16:00:00,2025-09-03 16:00:00
742,101,30000000444,10000000019,EMA0058234,500 mg,BID,2026-06-06 03:00:00,2026-06-09 17:00:00
743,971,30000000314,10000000023,EMA0047183,1 capsule,Q6H,2026-03-30 11:00:00,2026-04-04 11:00:00
744,1064,30000000482,10000000024,EMA0071667,40 mg,Q6H,2025-03-11 14:00:00,2025-03-13 05:00:00
745,890,30000000353,10000000029,EMA0067160,1 vial,Q8H,2025-08-18 07:00:00,2025-08-20 07:00:00
746,706,30000000174,10000000016,EMA0017180,1 tablet,BID,2025-08-02 07:00:00,2025-08-07 07:00:00
747,45,30000000246,10000000002,EMA0027883,500 mg,Q8H,2026-03-29 11:00:00,2026-04-02 00:00:00
748,387,30000000357,10000000014,EMA0073842,40 mg,Q6H,2025-11-27 18:00:00,2025-12-01 18:00:00
749,744,30000000187,10000000074,EMA0065723,40 mg,TID,2025-12-22 14:00:00,2025-12-26 14:00:00
750,262,30000000346,10000000041,EMA0002396,1 capsule,BID,2025-05-16 22:00:00,2025-05-18 10:00:00
751,678,30000000007,10000000002,EMA0046928,1 tablet,BID,2025-05-25 11:00:00,2025-05-31 11:00:00
752,48,30000000431,10000000049,EMA0094381,1 vial,BID,2025-08-10 23:00:00,2025-08-14 23:00:00
753,974,30000000251,10000000112,EMA0011576,1 vial,TID,2026-02-25 14:00:00,2026-02-27 14:00:00
754,1167,30000000498,10000000069,EMA0001364,1 vial,Q8H,2026-02-02 03:00:00,2026-02-05 03:00:00
755,621,30000000436,10000000090,EMA0039660,40 mg,QD,2025-04-09 05:00:00,2025-04-12 05:00:00
756,179,30000000118,10000000008,EMA0024111,1 vial,QD,2025-01-11 05:00:00,2025-01-14 02:00:00
757,32,30000000295,10000000069,EMA0008289,1 capsule,Q8H,2026-04-18 11:00:00,2026-04-19 11:00:00
758,284,30000000133,10000000051,EMA0051117,1 tablet,BID,2025-03-01 20:00:00,2025-03-03 06:00:00
759,1029,30000000059,10000000121,EMA0024500,1 vial,Q6H,2026-06-16 23:00:00,2026-06-22 23:00:00
760,565,30000000230,10000000096,EMA0091806,1 capsule,Q8H,2025-01-07 12:00:00,2025-01-09 21:00:00
761,211,30000000125,10000000042,EMA0084502,1 vial,TID,2026-08-14 16:00:00,2026-08-20 16:00:00
762,317,30000000245,10000000111,EMA0077755,500 mg,Q6H,2026-06-15 06:00:00,2026-06-21 06:00:00
763,97,30000000079,10000000110,EMA0043001,40 mg,Q8H,2026-09-14 14:00:00,2026-09-17 14:00:00
764,852,30000000206,10000000102,EMA0089223,1 tablet,BID,2025-06-16 20:00:00,2025-06-19 20:00:00
765,552,30000000072,10000000129,EMA0095265,40 mg,Q8H,2025-12-25 07:00:00,2025-12-27 07:00:00
766,123,30000000394,10000000031,EMA0030913,500 mg,QD,2026-07-19 19:00:00,2026-07-20 19:00:00
767,939,30000000150,10000000055,EMA0065053,1 vial,TID,2025-01-15 20:00:00,2025-01-22 20:00:00
768,604,30000000233,10000000006,EMA0041281,40 mg,QD,2025-11-15 09:00:00,2025-11-21 09:00:00
769,111,30000000393,10000000121,EMA0020446,40 mg,Q6H,2026-04-26 03:00:00,2026-04-27 03:00:00
770,479,30000000491,10000000104,EMA0076582,500 mg,Q8H,2025-09-30 05:00:00,2025-10-03 05:00:00
771,1146,30000000302,10000000063,EMA0057048,500 mg,Q8H,2026-01-17 10:00:00,2026-01-18 10:00:00
772,352,30000000081,10000000128,EMA0017776,1 tablet,BID,2026-02-03 13:00:00,2026-02-04 01:00:00
773,701,30000000261,10000000010,EMA0029368,1 vial,Q8H,2026-02-19 00:00:00,2026-02-25 00:00:00
774,256,30000000394,10000000051,EMA0024035,1 vial,Q6H,2026-06-20 12:00:00,2026-06-21 12:00:00
775,527,30000000315,10000000117,EMA0037623,1 tablet,QD,2025-10-18 01:00:00,2025-10-24 01:00:00
776,321,30000000350,10000000128,EMA0036600,500 mg,BID,2026-11-16 08:00:00,2026-11-18 08:00:00
777,248,30000000082,10000000061,EMA0042503,40 mg,Q8H,2026-07-02 21:00:00,2026-07-04 00:00:00
778,201,30000000430,10000000066,EMA0058164,500 mg,Q8H,2026-11-18 06:00:00,2026-11-21 06:00:00
779,40,30000000018,10000000113,EMA0035071,500 mg,Q6H,2025-10-19 00:00:00,2025-10-24 00:00:00
780,533,30000000376,10000000071,EMA0046523,1 tablet,TID,2025-04-30 12:00:00,2025-05-05 12:00:00
781,539,30000000080,10000000102,EMA0049115,40 mg,Q8H,2025-03-07 06:00:00,2025-03-11 06:00:00
782,1082,30000000341,10000000028,EMA0041536,500 mg,Q8H,2025-06-28 07:00:00,2025-07-01 07:00:00
783,857,30000000444,10000000096,EMA0053380,40 mg,BID,2025-10-21 21:00:00,2025-10-26 21:00:00
784,444,30000000045,10000000051,EMA0061767,1 tablet,TID,2026-06-21 06:00:00,2026-06-23 06:00:00
785,458,30000000174,10000000045,EMA0081041,40 mg,Q8H,2025-01-23 04:00:00,2025-01-29 04:00:00
786,1058,30000000388,10000000121,EMA0062157,500 mg,Q6H,2025-07-29 02:00:00,2025-07-30 21:00:00
787,366,30000000445,10000000104,EMA0012609,1 vial,TID,2025-11-25 07:00:00,2025-12-02 07:00:00
788,41,30000000018,10000000110,EMA0061359,1 vial,Q8H,2025-12-24 16:00:00,2025-12-27 20:00:00
789,733,30000000482,10000000076,EMA0039432,1 vial,Q8H,2025-09-20 02:00:00,2025-09-21 02:00:00
790,1140,30000000313,10000000014,EMA0002211,1 vial,TID,2026-08-09 00:00:00,2026-08-11 23:00:00
791,355,30000000287,10000000062,EMA0037245,1 vial,BID,2026-01-08 13:00:00,2026-01-09 13:00:00
792,871,30000000174,10000000092,EMA0022015,1 vial,QD,2025-04-11 01:00:00,2025-04-12 01:00:00
793,508,30000000289,10000000032,EMA0042472,1 capsule,TID,2026-01-16 00:00:00,2026-01-20 00:00:00
794,60,30000000201,10000000040,EMA0023491,500 mg,BID,2026-02-25 17:00:00,2026-02-27 17:00:00
795,34,30000000305,10000000058,EMA0082536,1 vial,QD,2025-10-17 00:00:00,2025-10-18 18:00:00
796,493,30000000244,10000000121,EMA0083916,500 mg,TID,2025-04-09 13:00:00,2025-04-15 14:00:00
797,843,30000000398,10000000088,EMA0000023,1 tablet,Q6H,2026-08-15 07:00:00,2026-08-21 07:00:00
798,795,30000000086,10000000051,EMA0060314,40 mg,QD,2026-07-17 15:00:00,2026-07-18 15:00:00
799,834,30000000255,10000000112,EMA0054572,1 tablet,Q8H,2026-04-20 08:00:00,2026-04-20 19:00:00
800,1006,30000000323,10000000049,EMA0065470,1 tablet,Q8H,2025-07-29 07:00:00,2025-07-31 07:00:00
801,378,30000000110,10000000044,EMA0066293,1 vial,BID,2025-07-26 03:00:00,2025-07-30 03:00:00
802,980,30000000418,10000000086,EMA0037866,1 capsule,QD,2025-03-31 16:00:00,2025-04-02 16:00:00
803,881,30000000193,10000000095,EMA0073910,500 mg,TID,2026-10-03 11:00:00,2026-10-08 11:00:00
804,1184,30000000239,10000000078,EMA0051304,1 tablet,QD,2025-11-18 19:00:00,2025-11-23 00:00:00
805,658,30000000158,10000000054,EMA0003898,1 tablet,Q8H,2025-02-18 21:00:00,2025-02-20 02:00:00
806,586,30000000022,10000000015,EMA0078898,40 mg,Q6H,2025-04-06 23:00:00,2025-04-10 23:00:00
807,1146,30000000302,10000000063,EMA0039191,1 capsule,BID,2026-01-18 12:00:00,2026-01-21 12:00:00
808,41,30000000018,10000000113,EMA0024045,500 mg,QD,2025-12-23 10:00:00,2025-12-27 20:00:00
809,830,30000000084,10000000013,EMA0064679,1 vial,Q8H,2025-08-09 14:00:00,2025-08-10 14:00:00
810,596,30000000276,10000000095,EMA0036946,40 mg,Q8H,2025-02-23 18:00:00,2025-02-27 18:00:00
811,1138,30000000293,10000000019,EMA0026112,40 mg,TID,2025-11-11 22:00:00,2025-11-16 22:00:00
812,1048,30000000329,10000000040,EMA0084051,1 vial,Q6H,2026-05-03 17:00:00,2026-05-04 17:00:00
813,880,30000000094,10000000012,EMA0054979,1 capsule,BID,2025-01-07 15:00:00,2025-01-11 15:00:00
814,661,30000000457,10000000080,EMA0042102,500 mg,Q6H,2025-03-13 04:00:00,2025-03-18 04:00:00
815,165,30000000392,10000000024,EMA0009254,1 tablet,TID,2026-07-17 01:00:00,2026-07-17 23:00:00
816,387,30000000357,10000000010,EMA0077675,40 mg,TID,2025-11-28 19:00:00,2025-12-05 19:00:00
817,758,30000000442,10000000129,EMA0067555,40 mg,Q8H,2025-02-24 19:00:00,2025-03-02 22:00:00
818,979,30000000421,10000000055,EMA0014409,1 capsule,TID,2026-04-27 03:00:00,2026-05-04 03:00:00
819,551,30000000344,10000000060,EMA0033387,1 vial,QD,2026-05-14 06:00:00,2026-05-14 17:00:00
820,469,30000000043,10000000108,EMA0010797,500 mg,Q6H,2026-10-17 22:00:00,2026-10-21 22:00:00
821,962,30000000000,10000000011,EMA0003879,40 mg,QD,2026-04-18 23:00:00,2026-04-20 23:00:00
822,1085,30000000154,10000000131,EMA0029458,1 tablet,QD,2025-11-01 10:00:00,2025-11-05 10:00:00
823,926,30000000108,10000000129,EMA0081977,1 capsule,QD,2026-11-05 11:00:00,2026-11-06 11:00:00
824,495,30000000059,10000000029,EMA0079388,1 tablet,Q8H,2025-04-11 12:00:00,2025-04-16 10:00:00
825,877,30000000418,10000000053,EMA0049824,1 vial,QD,2025-11-05 06:00:00,2025-11-11 04:00:00
826,109,30000000483,10000000120,EMA0070777,1 tablet,Q6H,2026-09-09 07:00:00,2026-09-13 20:00:00
827,365,30000000371,10000000015,EMA0017188,1 capsule,Q8H,2026-11-03 20:00:00,2026-11-04 20:00:00
828,718,30000000033,10000000024,EMA0007793,1 capsule,TID,2025-02-22 07:00:00,2025-02-27 07:00:00
829,531,30000000442,10000000004,EMA0024918,500 mg,BID,2026-06-17 07:00:00,2026-06-18 07:00:00
830,374,30000000175,10000000025,EMA0071686,500 mg,TID,2025-11-23 08:00:00,2025-11-24 08:00:00
831,1009,30000000061,10000000084,EMA0066875,1 vial,QD,2026-08-21 23:00:00,2026-08-24 16:00:00
832,468,30000000362,10000000077,EMA0027078,1 vial,Q8H,2026-08-26 05:00:00,2026-08-31 05:00:00
833,339,30000000141,10000000086,EMA0058583,1 vial,TID,2026-05-16 04:00:00,2026-05-16 07:00:00
834,607,30000000134,10000000085,EMA0049355,1 tablet,BID,2026-04-29 01:00:00,2026-05-01 01:00:00
835,144,30000000351,10000000067,EMA0014806,1 tablet,Q8H,2025-03-12 01:00:00,2025-03-17 01:00:00
836,328,30000000029,10000000059,EMA0041884,1 tablet,TID,2026-10-20 17:00:00,2026-10-22 17:00:00
837,647,30000000150,10000000103,EMA0008628,500 mg,BID,2025-06-25 09:00:00,2025-07-01 01:00:00
838,521,30000000343,10000000024,EMA0022610,40 mg,QD,2026-08-05 22:00:00,2026-08-12 22:00:00
839,171,30000000283,10000000108,EMA0053402,1 vial,Q8H,2025-04-10 23:00:00,2025-04-15 13:00:00
840,733,30000000482,10000000079,EMA0002169,1 capsule,BID,2025-09-21 04:00:00,2025-09-21 09:00:00
841,762,30000000111,10000000103,EMA0049527,500 mg,BID,2025-12-10 23:00:00,2025-12-13 23:00:00
842,836,30000000068,10000000009,EMA0017916,1 capsule,QD,2026-12-17 18:00:00,2026-12-20 18:00:00
843,962,30000000000,10000000010,EMA0052352,40 mg,BID,2026-04-19 08:00:00,2026-04-22 06:00:00
844,541,30000000058,10000000095,EMA0046566,40 mg,QD,2025-12-12 14:00:00,2025-12-15 14:00:00
845,1098,30000000414,10000000004,EMA0095627,1 tablet,QD,2026-09-10 18:00:00,2026-09-12 17:00:00
846,713,30000000411,10000000049,EMA0056987,1 vial,QD,2025-04-10 05:00:00,2025-04-13 05:00:00
847,728,30000000038,10000000024,EMA0068960,500 mg,Q8H,2025-06-19 20:00:00,2025-06-24 23:00:00
848,763,30000000259,10000000041,EMA0085902,40 mg,Q8H,2026-05-03 00:00:00,2026-05-06 00:00:00
849,1047,30000000249,10000000045,EMA0052846,1 tablet,BID,2025-12-12 10:00:00,2025-12-16 10:00:00
850,260,30000000127,10000000080,EMA0007536,1 tablet,Q6H,2025-07-09 20:00:00,2025-07-12 00:00:00
851,343,30000000411,10000000029,EMA0001756,1 capsule,BID,2025-08-21 09:00:00,2025-08-26 09:00:00
852,331,30000000275,10000000103,EMA0024855,1 tablet,QD,2026-10-03 02:00:00,2026-10-08 06:00:00
853,228,30000000028,10000000115,EMA0060539,1 vial,TID,2025-01-07 19:00:00,2025-01-08 22:00:00
854,829,30000000279,10000000011,EMA0048162,40 mg,TID,2026-09-23 22:00:00,2026-09-27 22:00:00
855,673,30000000069,10000000033,EMA0039480,1 vial,BID,2025-11-11 11:00:00,2025-11-14 11:00:00
856,141,30000000376,10000000126,EMA0040182,1 capsule,Q8H,2026-11-15 16:00:00,2026-11-19 02:00:00
857,492,30000000257,10000000002,EMA0041504,1 vial,Q8H,2025-01-28 23:00:00,2025-02-02 00:00:00
858,776,30000000498,10000000092,EMA0076666,1 capsule,Q6H,2025-06-11 11:00:00,2025-06-16 10:00:00
859,681,30000000144,10000000029,EMA0015406,1 vial,TID,2026-06-04 14:00:00,2026-06-10 14:00:00
860,1041,30000000240,10000000067,EMA0065171,1 vial,TID,2025-06-03 12:00:00,2025-06-09 12:00:00
861,137,30000000139,10000000005,EMA0000165,500 mg,Q6H,2026-06-15 22:00:00,2026-06-16 22:00:00
862,849,30000000024,10000000074,EMA0001595,1 tablet,BID,2026-11-10 08:00:00,2026-11-12 08:00:00
863,474,30000000176,10000000096,EMA0031716,500 mg,TID,2025-07-27 04:00:00,2025-07-30 04:00:00
864,353,30000000154,10000000087,EMA0037770,500 mg,BID,2026-05-26 04:00:00,2026-06-02 04:00:00
865,814,30000000270,10000000087,EMA0063896,40 mg,TID,2025-02-18 17:00:00,2025-02-24 03:00:00
866,59,30000000201,10000000040,EMA0028786,40 mg,QD,2025-12-10 07:00:00,2025-12-14 01:00:00
867,946,30000000319,10000000025,EMA0009277,40 mg,QD,2026-02-01 07:00:00,2026-02-02 07:00:00
868,1136,30000000162,10000000077,EMA0079514,1 tablet,TID,2025-05-24 17:00:00,2025-05-28 17:00:00
869,759,30000000409,10000000036,EMA0085086,1 vial,Q8H,2026-06-30 22:00:00,2026-07-01 15:00:00
870,132,30000000409,10000000077,EMA0028628,500 mg,BID,2025-08-18 15:00:00,2025-08-20 01:00:00
871,424,30000000203,10000000014,EMA0049983,1 tablet,QD,2025-05-18 04:00:00,2025-05-21 18:00:00
872,674,30000000396,10000000113,EMA0006912,1 capsule,TID,2026-06-23 18:00:00,2026-06-27 18:00:00
873,854,30000000108,10000000081,EMA0088125,1 capsule,Q6H,2025-01-24 00:00:00,2025-01-25 00:00:00
874,580,30000000440,10000000033,EMA0031195,40 mg,Q6H,2026-10-16 21:00:00,2026-10-22 21:00:00
875,114,30000000048,10000000013,EMA0053093,500 mg,BID,2026-05-26 09:00:00,2026-05-29 15:00:00
876,759,30000000409,10000000042,EMA0010173,40 mg,BID,2026-06-29 07:00:00,2026-07-01 15:00:00
877,1001,30000000197,10000000087,EMA0068645,1 capsule,Q8H,2025-04-22 07:00:00,2025-04-23 07:00:00
878,103,30000000444,10000000068,EMA0027681,1 vial,BID,2026-09-03 04:00:00,2026-09-05 04:00:00
879,659,30000000195,10000000099,EMA0064629,1 vial,QD,2025-03-17 07:00:00,2025-03-20 07:00:00
880,727,30000000167,10000000065,EMA0081512,40 mg,TID,2026-12-13 01:00:00,2026-12-16 01:00:00
881,1055,30000000078,10000000021,EMA0092034,40 mg,BID,2026-08-11 22:00:00,2026-08-13 22:00:00
882,588,30000000175,10000000013,EMA0079766,1 tablet,Q8H,2026-08-08 20:00:00,2026-08-12 12:00:00
883,404,30000000390,10000000057,EMA0091446,1 tablet,BID,2025-10-02 06:00:00,2025-10-06 06:00:00
884,409,30000000199,10000000106,EMA0068948,500 mg,Q6H,2026-06-16 03:00:00,2026-06-23 03:00:00
885,492,30000000257,10000000002,EMA0059842,40 mg,QD,2025-01-28 20:00:00,2025-02-02 00:00:00
886,733,30000000482,10000000076,EMA0043192,40 mg,Q6H,2025-09-20 22:00:00,2025-09-21 09:00:00
887,692,30000000127,10000000021,EMA0020262,1 tablet,Q6H,2025-08-26 21:00:00,2025-08-30 21:00:00
888,807,30000000007,10000000011,EMA0095332,1 vial,QD,2026-02-15 22:00:00,2026-02-17 19:00:00
889,1049,30000000377,10000000051,EMA0047181,1 capsule,QD,2026-07-21 07:00:00,2026-07-24 07:00:00
890,719,30000000111,10000000017,EMA0044028,40 mg,Q8H,2025-07-30 07:00:00,2025-08-06 07:00:00
891,878,30000000307,10000000104,EMA0028268,500 mg,Q8H,2026-03-17 03:00:00,2026-03-20 03:00:00
892,312,30000000150,10000000065,EMA0012429,500 mg,Q8H,2025-04-18 21:00:00,2025-04-20 05:00:00
893,1156,30000000325,10000000109,EMA0065803,1 vial,QD,2025-10-02 05:00:00,2025-10-05 05:00:00
894,1180,30000000295,10000000038,EMA0042564,500 mg,Q6H,2025-04-20 07:00:00,2025-04-23 17:00:00
895,570,30000000174,10000000109,EMA0014169,1 vial,Q8H,2026-07-20 02:00:00,2026-07-21 02:00:00
896,909,30000000162,10000000004,EMA0005441,1 vial,Q6H,2026-02-27 06:00:00,2026-03-01 06:00:00
897,148,30000000188,10000000087,EMA0065319,1 vial,BID,2025-07-16 10:00:00,2025-07-18 22:00:00
898,965,30000000288,10000000021,EMA0056598,1 vial,QD,2025-04-26 18:00:00,2025-04-28 13:00:00
899,94,30000000248,10000000036,EMA0008810,500 mg,Q8H,2026-09-13 04:00:00,2026-09-14 13:00:00
900,739,30000000033,10000000119,EMA0055354,1 vial,BID,2025-10-01 12:00:00,2025-10-03 12:00:00
901,449,30000000208,10000000007,EMA0033459,1 capsule,TID,2025-04-12 18:00:00,2025-04-19 18:00:00
902,701,30000000261,10000000010,EMA0053135,500 mg,TID,2026-02-20 10:00:00,2026-02-25 01:00:00
903,685,30000000121,10000000086,EMA0078520,1 vial,BID,2025-12-14 20:00:00,2025-12-15 20:00:00
904,225,30000000436,10000000113,EMA0079537,1 tablet,TID,2026-07-12 04:00:00,2026-07-14 04:00:00
905,42,30000000018,10000000108,EMA0094350,1 capsule,BID,2026-03-11 19:00:00,2026-03-13 19:00:00
906,382,30000000205,10000000075,EMA0019828,1 vial,BID,2025-12-07 10:00:00,2025-12-12 10:00:00
907,147,30000000020,10000000033,EMA0090832,1 vial,TID,2025-02-04 17:00:00,2025-02-09 16:00:00
908,141,30000000376,10000000132,EMA0073447,1 vial,Q8H,2026-11-14 22:00:00,2026-11-16 22:00:00
909,43,30000000246,10000000002,EMA0022456,40 mg,Q6H,2025-11-11 23:00:00,2025-11-12 23:00:00
910,78,30000000400,10000000081,EMA0026192,1 vial,BID,2026-02-16 09:00:00,2026-02-20 09:00:00
911,452,30000000280,10000000015,EMA0095594,40 mg,BID,2025-03-29 01:00:00,2025-04-02 01:00:00
912,1184,30000000239,10000000072,EMA0040443,500 mg,Q6H,2025-11-19 02:00:00,2025-11-23 00:00:00
913,1097,30000000277,10000000030,EMA0085557,1 vial,Q8H,2025-04-02 10:00:00,2025-04-08 10:00:00
914,593,30000000406,10000000048,EMA0060896,500 mg,BID,2026-04-08 17:00:00,2026-04-09 17:00:00
915,1135,30000000197,10000000034,EMA0041197,500 mg,Q8H,2025-06-15 20:00:00,2025-06-21 20:00:00
916,404,30000000390,10000000057,EMA0021271,40 mg,QD,2025-10-03 07:00:00,2025-10-07 07:00:00
917,782,30000000130,10000000068,EMA0016287,40 mg,TID,2025-04-16 20:00:00,2025-04-21 20:00:00
918,1176,30000000285,10000000053,EMA0090483,1 vial,Q8H,2026-04-06 00:00:00,2026-04-07 00:00:00
919,985,30000000356,10000000077,EMA0059051,1 vial,TID,2025-06-13 15:00:00,2025-06-19 15:00:00
920,48,30000000431,10000000049,EMA0084379,1 tablet,TID,2025-08-12 04:00:00,2025-08-14 23:00:00
921,654,30000000444,10000000083,EMA0051425,1 tablet,BID,2026-10-21 12:00:00,2026-10-23 23:00:00
922,913,30000000277,10000000104,EMA0014194,1 tablet,BID,2026-02-12 08:00:00,2026-02-14 17:00:00
923,617,30000000124,10000000100,EMA0002679,1 vial,Q6H,2026-07-10 07:00:00,2026-07-11 07:00:00
924,157,30000000050,10000000096,EMA0030170,1 capsule,QD,2025-05-20 22:00:00,2025-05-21 18:00:00
925,702,30000000346,10000000054,EMA0017784,1 tablet,Q6H,2025-07-08 04:00:00,2025-07-09 04:00:00
926,434,30000000176,10000000112,EMA0006094,1 capsule,TID,2026-05-06 11:00:00,2026-05-07 11:00:00
927,223,30000000473,10000000078,EMA0007363,1 tablet,Q6H,2026-05-28 12:00:00,2026-06-04 12:00:00
928,458,30000000174,10000000050,EMA0055436,500 mg,Q8H,2025-01-23 20:00:00,2025-01-25 20:00:00
929,422,30000000391,10000000087,EMA0006789,1 capsule,Q6H,2026-10-13 06:00:00,2026-10-18 06:00:00
930,970,30000000111,10000000093,EMA0086058,1 capsule,Q6H,2025-07-18 03:00:00,2025-07-19 23:00:00
931,179,30000000118,10000000008,EMA0050428,1 tablet,Q6H,2025-01-09 16:00:00,2025-01-14 02:00:00
932,783,30000000492,10000000051,EMA0072015,40 mg,Q8H,2025-04-21 07:00:00,2025-04-22 21:00:00
933,189,30000000190,10000000058,EMA0034837,500 mg,QD,2026-09-06 05:00:00,2026-09-07 16:00:00
934,1143,30000000475,10000000028,EMA0080821,40 mg,Q8H,2025-10-10 06:00:00,2025-10-10 11:00:00
935,1158,30000000237,10000000066,EMA0029118,40 mg,Q6H,2026-11-13 13:00:00,2026-11-16 13:00:00
936,1049,30000000377,10000000051,EMA0041442,1 tablet,TID,2026-07-22 12:00:00,2026-07-28 12:00:00
937,128,30000000089,10000000058,EMA0064680,1 capsule,Q6H,2026-03-10 13:00:00,2026-03-13 13:00:00
938,566,30000000050,10000000118,EMA0044967,1 vial,TID,2025-07-11 22:00:00,2025-07-13 19:00:00
939,884,30000000270,10000000087,EMA0012036,1 capsule,Q8H,2026-06-27 05:00:00,2026-07-01 10:00:00
940,696,30000000232,10000000003,EMA0010309,500 mg,Q6H,2025-07-12 08:00:00,2025-07-12 21:00:00
941,1088,30000000373,10000000134,EMA0067819,1 vial,BID,2025-12-24 11:00:00,2025-12-25 11:00:00
942,715,30000000114,10000000034,EMA0042707,40 mg,QD,2025-12-13 15:00:00,2025-12-15 15:00:00
943,61,30000000201,10000000037,EMA0063548,1 tablet,BID,2026-05-07 12:00:00,2026-05-10 18:00:00
944,128,30000000089,10000000058,EMA0066174,40 mg,TID,2026-03-10 05:00:00,2026-03-13 05:00:00
945,1153,30000000465,10000000066,EMA0039716,500 mg,QD,2025-05-06 21:00:00,2025-05-12 21:00:00
946,406,30000000246,10000000005,EMA0080778,500 mg,Q8H,2026-03-15 06:00:00,2026-03-17 06:00:00
947,1074,30000000197,10000000005,EMA0001517,1 tablet,QD,2026-09-22 05:00:00,2026-09-24 11:00:00
948,1075,30000000374,10000000128,EMA0027487,1 capsule,TID,2025-08-17 03:00:00,2025-08-20 03:00:00
949,731,30000000386,10000000112,EMA0042926,40 mg,Q6H,2026-09-21 21:00:00,2026-09-25 05:00:00
950,1088,30000000373,10000000127,EMA0012915,1 tablet,QD,2025-12-23 08:00:00,2025-12-28 06:00:00
951,251,30000000214,10000000044,EMA0035816,40 mg,Q6H,2026-10-23 12:00:00,2026-10-29 12:00:00
952,854,30000000108,10000000081,EMA0014899,1 vial,QD,2025-01-24 11:00:00,2025-01-26 11:00:00
953,18,30000000043,10000000064,EMA0008990,1 capsule,TID,2026-01-16 15:00:00,2026-01-17 15:00:00
954,67,30000000362,10000000133,EMA0082658,500 mg,TID,2025-05-11 16:00:00,2025-05-14 16:00:00
955,574,30000000139,10000000014,EMA0003216,1 capsule,BID,2026-07-24 19:00:00,2026-07-26 02:00:00
956,383,30000000003,10000000093,EMA0056982,40 mg,Q8H,2025-01-25 03:00:00,2025-02-01 03:00:00
957,536,30000000323,10000000091,EMA0037181,40 mg,BID,2026-01-19 17:00:00,2026-01-21 17:00:00
958,564,30000000480,10000000109,EMA0030281,1 vial,TID,2026-08-18 21:00:00,2026-08-25 21:00:00
959,1020,30000000120,10000000133,EMA0089343,1 vial,Q8H,2026-11-11 12:00:00,2026-11-14 12:00:00
960,941,30000000052,10000000113,EMA0087296,40 mg,QD,2026-03-30 15:00:00,2026-04-01 15:00:00
961,46,30000000246,10000000007,EMA0037803,40 mg,BID,2026-06-14 11:00:00,2026-06-15 11:00:00
962,329,30000000026,10000000041,EMA0068451,1 tablet,QD,2025-04-13 17:00:00,2025-04-19 17:00:00
963,833,30000000476,10000000083,EMA0013360,500 mg,Q8H,2026-06-20 20:00:00,2026-06-23 13:00:00
964,1122,30000000287,10000000033,EMA0087941,1 vial,Q6H,2025-04-01 19:00:00,2025-04-08 19:00:00
965,467,30000000353,10000000118,EMA0083063,1 tablet,QD,2026-04-02 06:00:00,2026-04-05 06:00:00
966,508,30000000289,10000000032,EMA0041999,40 mg,QD,2026-01-15 02:00:00,2026-01-18 02:00:00
967,351,30000000286,10000000064,EMA0077640,40 mg,TID,2025-09-07 10:00:00,2025-09-10 10:00:00
968,734,30000000225,10000000067,EMA0062504,1 tablet,Q6H,2026-04-01 10:00:00,2026-04-03 10:00:00
969,165,30000000392,10000000024,EMA0025200,40 mg,QD,2026-07-17 15:00:00,2026-07-17 23:00:00
970,430,30000000480,10000000129,EMA0002881,40 mg,QD,2025-12-02 03:00:00,2025-12-07 03:00:00
971,1160,30000000229,10000000038,EMA0019355,1 capsule,Q8H,2025-11-23 22:00:00,2025-11-27 04:00:00
972,66,30000000454,10000000108,EMA0003184,40 mg,TID,2026-04-08 14:00:00,2026-04-10 14:00:00
973,956,30000000411,10000000047,EMA0038928,1 tablet,BID,2026-09-17 06:00:00,2026-09-21 06:00:00
974,1028,30000000305,10000000004,EMA0033629,1 tablet,Q8H,2026-07-13 06:00:00,2026-07-14 03:00:00
975,1180,30000000295,10000000036,EMA0013126,1 capsule,TID,2025-04-20 18:00:00,2025-04-23 17:00:00
976,357,30000000023,10000000040,EMA0058986,1 vial,TID,2026-02-15 13:00:00,2026-02-16 13:00:00
977,549,30000000316,10000000091,EMA0014996,1 capsule,QD,2026-03-02 16:00:00,2026-03-03 05:00:00
978,238,30000000404,10000000005,EMA0090791,1 tablet,BID,2025-11-27 01:00:00,2025-12-02 07:00:00
979,832,30000000109,10000000003,EMA0068844,500 mg,Q8H,2026-04-01 20:00:00,2026-04-06 20:00:00
980,44,30000000246,10000000003,EMA0017513,1 tablet,BID,2026-01-19 06:00:00,2026-01-22 06:00:00
981,496,30000000417,10000000105,EMA0090935,1 vial,Q8H,2025-04-03 03:00:00,2025-04-03 21:00:00
982,476,30000000074,10000000126,EMA0032255,500 mg,TID,2025-12-26 04:00:00,2026-01-02 04:00:00
983,446,30000000398,10000000034,EMA0061999,40 mg,Q8H,2026-07-09 08:00:00,2026-07-10 08:00:00
984,772,30000000024,10000000075,EMA0055067,40 mg,BID,2025-03-28 17:00:00,2025-03-30 17:00:00
985,567,30000000167,10000000006,EMA0003408,1 capsule,Q8H,2026-06-03 21:00:00,2026-06-07 21:00:00
986,149,30000000271,10000000072,EMA0043212,500 mg,TID,2026-05-15 05:00:00,2026-05-15 22:00:00
987,744,30000000187,10000000075,EMA0078574,500 mg,Q6H,2025-12-22 21:00:00,2025-12-23 21:00:00
988,211,30000000125,10000000039,EMA0044460,1 tablet,QD,2026-08-14 08:00:00,2026-08-19 08:00:00
989,613,30000000428,10000000117,EMA0032874,1 capsule,TID,2026-04-01 13:00:00,2026-04-03 13:00:00
990,1197,30000000296,10000000114,EMA0045199,1 vial,QD,2026-07-18 12:00:00,2026-07-22 12:00:00
991,582,30000000315,10000000038,EMA0076378,500 mg,Q6H,2025-08-13 22:00:00,2025-08-14 22:00:00
992,577,30000000346,10000000100,EMA0041817,40 mg,QD,2025-02-28 21:00:00,2025-03-01 21:00:00
993,628,30000000453,10000000073,EMA0054361,1 tablet,Q8H,2026-09-18 16:00:00,2026-09-20 02:00:00
994,882,30000000364,10000000027,EMA0057381,500 mg,QD,2025-12-22 16:00:00,2025-12-24 01:00:00
995,463,30000000253,10000000036,EMA0002017,1 capsule,Q8H,2026-07-24 15:00:00,2026-07-28 15:00:00
996,654,30000000444,10000000083,EMA0007786,1 capsule,Q6H,2026-10-21 02:00:00,2026-10-23 23:00:00
997,348,30000000452,10000000018,EMA0077893,500 mg,QD,2026-11-18 17:00:00,2026-11-19 05:00:00
998,358,30000000006,10000000090,EMA0032357,1 vial,Q8H,2026-05-06 13:00:00,2026-05-11 13:00:00
999,620,30000000212,10000000131,EMA0041837,1 vial,Q6H,2025-09-21 04:00:00,2025-09-25 04:00:00
1000,966,30000000388,10000000078,EMA0016442,500 mg,BID,2026-06-11 20:00:00,2026-06-12 20:00:00
