mdc_code,ken_code,icd10_code_prefix
01,螡11螒,G40
01,螡11螒,G41
01,螡12螠,I60
01,螡12螠,I61
01,螡12螠,I62
01,螡12螠,I63
01,螡12螠,I64
01,螡12螠,I65
01,螡12螠,I66
01,螡12螠,I67
01,螡12螠,I68
01,螡12螠,I69
01,螡12螠,G00
01,螡12螠,G01
01,螡12螠,G02
01,螡12螠,G03
01,螡12螠,G04
01,螡12螠,G05
01,螡12螠,G06
01,螡12螠,G07
01,螡12螠,G08
01,螡12螠,G09
01,螡12螠,G41
01,螡12螠,G70
01,螡12螠,G71
01,螡12螠,G91
01,螡12螠,G92
01,螡12围,G00
01,螡12围,G01
01,螡12围,G02
01,螡12围,G03
01,螡12围,G04
01,螡12围,G05
01,螡12围,G06
01,螡12围,G07
01,螡12围,G08
01,螡12围,G09
01,螡12围,G41
01,螡12围,G91
01,螡12围,G92
01,螡20螠,G04
01,螡20螠,G05
01,螡20螠,G06
01,螡20螠,G07
01,螡20螠,G08
01,螡20螠,G09
01,螡20螠,G35
01,螡20螠,G36
01,螡20螠,G37
01,螡20围,G04
01,螡20围,G05
01,螡20围,G06
01,螡20围,G07
01,螡20围,G08
01,螡20围,G09
01,螡20围,G35
01,螡20围,G36
01,螡20围,G37
01,螡20围,G70
01,螡21螠,G04
01,螡21螠,G05
01,螡21螠,G06
01,螡21螠,G07
01,螡21螠,G08
01,螡21螠,G09
01,螡21螠,G95
01,螡23螒,G30
01,螡23螒,G31
01,螡23螒,G10
01,螡23螒,G11
01,螡23螒,G13
01,螡23螒,G20
01,螡23螒,G21
01,螡23螒,G22
01,螡23螒,G23
01,螡23螒,G35
01,螡23螒,G37
01,螡23螒,G91
01,螡23螒,G92
01,螡24螠,F20
01,螡24螠,F21
01,螡24螠,F22
01,螡24螠,F23
01,螡24螠,F24
01,螡24螠,F25
01,螡24螠,F28
01,螡24螠,F29
01,螡24围,F20
01,螡24围,F21
01,螡24围,F22
01,螡24围,F23
01,螡24围,F24
01,螡24围,F25
01,螡24围,F28
01,螡24围,F29
01,螡26螠,C47
01,螡26螠,C72
01,螡26螠,D33
01,螡26螠,D43
01,螡26围,C47
01,螡26围,C72
01,螡26围,D33
01,螡26围,D43
01,螡27螠螒,G30
01,螡27螠螒,G31
01,螡27螠螒,G32
01,螡27螠螒,G20
01,螡27螠螒,G21
01,螡27螠螒,G22
01,螡27螠螒,G23
01,螡27螠螒,G24
01,螡27螠螒,G25
01,螡27螠螒,G26
01,螡27螠螒,G10
01,螡27螠螒,G11
01,螡27螠螒,G12
01,螡27螠螒,G13
01,螡27螠螔,G30
01,螡27螠螔,G31
01,螡27螠螔,G32
01,螡27螠螔,G20
01,螡27螠螔,G21
01,螡27螠螔,G22
01,螡27螠螔,G23
01,螡27螠螔,G24
01,螡27螠螔,G25
01,螡27螠螔,G26
01,螡27螠螔,G10
01,螡27螠螔,G11
01,螡27螠螔,G12
01,螡27螠螔,G13
01,螡27围,G30
01,螡27围,G31
01,螡27围,G32
01,螡27围,G20
01,螡27围,G21
01,螡27围,G22
01,螡27围,G23
01,螡27围,G24
01,螡27围,G25
01,螡27围,G26
01,螡27围,G10
01,螡27围,G11
01,螡27围,G12
01,螡27围,G13
01,螡28螠,G11
01,螡28螠,G35
01,螡28螠,G36
01,螡28螠,G37
01,螡29螠,G45
01,螡29围,G45
01,螡30螠螒,I60
01,螡30螠螒,I61
01,螡30螠螒,I62
01,螡30螠螒,I63
01,螡30螠螒,I64
01,螡30螠螒,I65
01,螡30螠螒,I66
01,螡30螠螒,I67
01,螡30螠螒,I68
01,螡30螠螒,I69
01,螡30螠螔,I60
01,螡30螠螔,I61
01,螡30螠螔,I62
01,螡30螠螔,I63
01,螡30螠螔,I64
01,螡30螠螔,I65
01,螡30螠螔,I66
01,螡30螠螔,I67
01,螡30螠螔,I68
01,螡30螠螔,I69
01,螡30围,I60
01,螡30围,I61
01,螡30围,I62
01,螡30围,I63
01,螡30围,I64
01,螡30围,I65
01,螡30围,I66
01,螡30围,I67
01,螡30围,I68
01,螡30围,I69
01,螡31螠,G50
01,螡31螠,G51
01,螡31螠,G52
01,螡31螠,G53
01,螡31螠,G54
01,螡31螠,G55
01,螡31螠,G56
01,螡31螠,G57
01,螡31螠,G58
01,螡31螠,G59
01,螡31螠,G60
01,螡31螠,G61
01,螡31螠,G62
01,螡31螠,G63
01,螡31螠,G64
01,螡31围,G50
01,螡31围,G51
01,螡31围,G52
01,螡31围,G53
01,螡31围,G54
01,螡31围,G55
01,螡31围,G56
01,螡31围,G57
01,螡31围,G58
01,螡31围,G59
01,螡31围,G60
01,螡31围,G61
01,螡31围,G62
01,螡31围,G63
01,螡31围,G64
01,螡32螠,G00
01,螡32螠,G01
01,螡32螠,G02
01,螡32螠,G03
01,螡32螠,G04
01,螡32围,G00
01,螡32围,G01
01,螡32围,G02
01,螡32围,G03
01,螡32围,G04
01,螡33螒,G03
01,螡34围,E15
01,螡34围,R40
01,螡36螠,P90
01,螡36螠,R56
01,螡36螠,G40
01,螡36螠,G41
01,螡36围,P90
01,螡36围,R56
01,螡36围,G40
01,螡36围,G41
01,螡37螒,G43
01,螡37螒,G44
01,螡41螠,G90
01,螡41螠,G91
01,螡41螠,G92
01,螡41螠,G93
01,螡41螠,G94
01,螡41螠,G95
01,螡41螠,G96
01,螡41螠,G97
01,螡41螠,G98
01,螡41螠,G99
01,螡41围,G90
01,螡41围,G91
01,螡41围,G92
01,螡41围,G93
01,螡41围,G94
01,螡41围,G95
01,螡41围,G96
01,螡41围,G97
01,螡41围,G98
01,螡41围,G99
01,螡42螠螒,G82
01,螡42螠螒,G83
01,螡01螠,G91
01,螡01围,G91
01,螡02螠螒,C71
01,螡02螠螒,C72
01,螡02螠螒,D32
01,螡02螠螒,D33
01,螡02螠螒,G91
01,螡02螠螒,S08
01,螡02螠螔,C71
01,螡02螠螔,C72
01,螡02螠螔,D32
01,螡02螠螔,D33
01,螡02螠螔,G91
01,螡02螠螔,S08
01,螡02围,C71
01,螡02围,C72
01,螡02围,D32
01,螡02围,D33
01,螡02围,G91
01,螡02围,S08
01,螡03螠,C72
01,螡03螠,G95
01,螡03螠,M51
01,螡03螠,M53
01,螡03螠,S12
01,螡03螠,S32
01,螡03螠,T08
01,螡03围,C72
01,螡03围,G95
01,螡03围,M51
01,螡03围,M53
01,螡03围,S12
01,螡03围,S32
01,螡03围,T08
01,螡05螒,C72
01,螡05螒,G95
01,螡05螒,M51
01,螡05螒,M53
01,螡05螒,S12
01,螡05螒,S32
01,螡05螒,T08
01,螡06螠,G51
01,螡06围,G51
01,螡07螠,G52
01,螡07螠,G54
01,螡07围,G52
01,螡07围,G54
01,螡20螠,G82
01,螡20围,G82
01,螡21螠,C72
01,螡21围,C72
01,螡21围,G95
01,螡26螠,C70
01,螡26螠,C71
01,螡26螠,D32
01,螡26螠,D34
01,螡26围,C70
01,螡26围,C71
01,螡26围,D32
01,螡26围,D34
01,螡38螠,S00
01,螡38螠,S01
01,螡38螠,S02
01,螡38螠,S03
01,螡38螠,S04
01,螡38螠,S05
01,螡38螠,S06
01,螡38螠,S07
01,螡38螠,S08
01,螡38螠,S09
01,螡38围,S00
01,螡38围,S01
01,螡38围,S02
01,螡38围,S03
01,螡38围,S04
01,螡38围,S05
01,螡38围,S06
01,螡38围,S07
01,螡38围,S08
01,螡38围,S09
01,螡39螠,S02
01,螡39围,S02
01,螡40螒,S09
02,螣23螒,H01
02,螣23螒,H13
02,螣15螒,H42
02,螣21螠,H46
02,螣21螠,H47
02,螣10螒,H51
02,螣14螒,H52
02,螣61围,H46
02,螣61围,H47
02,螣21螠,H51
02,螣23螒,H52
02,螣23螒,H42
02,螣61围,H51
03,惟01螒,Q16
03,惟02螠螒,S01
03,惟02螠螒,S02
03,惟02螠螒,T20
03,惟02螠螒,T34
03,惟02螠螒,D38
03,惟02螠螒,Y88
03,惟02螠螒,H95
03,惟02螠螒,D33
03,惟02螠螔,C00
03,惟02螠螔,C01
03,惟02螠螔,C02
03,惟02螠螔,C03
03,惟02螠螔,C04
03,惟02螠螔,C05
03,惟02螠螔,C06
03,惟02螠螔,C07
03,惟02螠螔,C08
03,惟02螠螔,C09
03,惟02螠螔,C10
03,惟02螠螔,C11
03,惟02螠螔,C12
03,惟02螠螔,C13
03,惟02螠螔,C14
03,惟02螠螔,C30
03,惟02螠螔,C31
03,惟02螠螔,C32
03,惟02螠螔,C72
03,惟02螠螔,C73
03,惟02螠螔,C77
03,惟02螠螔,C43
03,惟02螠螔,C44
03,惟02螠螔,D00
03,惟02螠螔,D02
03,惟02螠螔,D03
03,惟02螠螔,D04
03,惟02螠螔,C49
03,惟02围,Q30
03,惟02围,D10
03,惟02围,D11
03,惟02围,D14
03,惟02围,D34
03,惟02围,D37
03,惟02围,D38
03,惟02围,D21
03,惟03螒,Q35
03,惟03螒,Q36
03,惟03螒,Q37
03,惟04螠,K07
03,惟04螠,K10
03,惟04螠,D10
03,惟04围,K00
03,惟04围,K01
03,惟04围,K08
03,惟04围,K09
03,惟05螒,K11
03,惟05螒,C07
03,惟05螒,D11
03,惟05螒,S04
03,惟06螒,H71
03,惟06螒,H74
03,惟06螒,H75
03,惟06螒,D14
03,惟06螒,Q16
03,惟06螒,Q17
03,惟06螒,H72
03,惟06螒,H80
03,惟06螒,H95
03,惟06螒,D38
03,惟06螒,J32
03,惟06螒,J33
03,惟10螒,W84
03,惟10螒,T90
03,惟11螒,J35
03,惟11螒,H68
03,惟11螒,H65
03,惟11螒,C81
03,惟11螒,C82
03,惟11螒,C83
03,惟11螒,C85
03,惟11螒,W84
03,惟13螒,H65
03,惟13螒,H66
03,惟13螒,H67
03,惟13螒,H68
03,惟13螒,H69
03,惟13螒,H70
03,惟14螒,K11
03,惟14螒,K13
03,惟14螒,K14
03,惟15螒,H70
03,惟15螒,H74
03,惟15螒,H75
03,惟15螒,H95
03,惟20螒,K00
03,惟20螒,K01
03,惟20螒,K03
03,惟20螒,K04
03,惟20螒,K07
03,惟30螠,C01
03,惟30螠,C02
03,惟30螠,C03
03,惟30螠,C04
03,惟30螠,C05
03,惟30螠,C06
03,惟30螠,C07
03,惟30螠,C08
03,惟30螠,C09
03,惟30螠,C10
03,惟30螠,C11
03,惟30螠,C12
03,惟30螠,C13
03,惟30螠,C14
03,惟30螠,C30
03,惟30螠,C31
03,惟30螠,C32
03,惟30螠,C73
03,惟30螠,C77
03,惟30螠,D02
03,惟30螠,C41
03,惟30螠,D00
03,惟30螠,D03
03,惟30螠,D04
03,惟30螠,C49
03,惟30围,C00
03,惟30围,D00
03,惟30围,D03
03,惟30围,D04
03,惟31螒,H55
03,惟31螒,H71
03,惟31螒,H74
03,惟31螒,G51
03,惟31螒,R42
03,惟31螒,S04
03,惟31螒,T90
03,惟31螒,Y88
03,惟31螒,G45
03,惟31螒,G52
03,惟31螒,H81
03,惟31螒,H82
03,惟31螒,H83
03,惟32螒,Y87
03,惟32螒,T90
03,惟32螒,S02
03,惟33螒,H65
03,惟33螒,H66
03,惟33螒,H67
03,惟33螒,H68
03,惟33螒,H69
03,惟33螒,H74
03,惟33螒,H75
03,惟33螒,A36
03,惟33螒,A38
03,惟33螒,B27
03,惟33螒,B95
03,惟34螒,J04
03,惟34螒,J05
03,惟34螒,J06
03,惟34螒,R07
03,惟34螒,B95
03,惟35螒,T90
03,惟35螒,S02
03,惟35螒,T33
03,惟35螒,Y87
03,惟36螠,R60
03,惟36螠,T16
03,惟36螠,T17
03,惟36螠,T20
03,惟36螠,G51
03,惟36螠,G52
03,惟36螠,H74
03,惟36螠,H75
03,惟36螠,H91
03,惟36螠,H92
03,惟36螠,H94
03,惟36螠,R49
03,惟36螠,J36
03,惟36螠,J38
03,惟36螠,J39
03,惟36围,J37
03,惟36围,H60
03,惟36围,H61
03,惟36围,H62
03,惟36围,H73
03,惟36围,H93
03,惟36围,J30
03,惟36围,J31
03,惟36围,D22
03,惟37螒,K04
03,惟37螒,K05
03,惟37螒,K06
03,惟37螒,K12
03,惟37螒,K13
03,惟37螔,K02
03,惟37螔,K14
03,惟37螔,K03
04,螒01螠,B47
04,螒01螠,C33
04,螒01螠,C34
04,螒01螠,C37
04,螒01螠,C38
04,螒01螠,C39
04,螒01螠,C45
04,螒01螠,C81
04,螒01螠,C82
04,螒01螠,C83
04,螒01螠,C85
04,螒01螠,C97
04,螒01螠,D19
04,螒01螠,D86
04,螒01螠,E85
04,螒01螠,I30
04,螒01螠,I31
04,螒01螠,I88
04,螒01螠,J84
04,螒01螠,J85
04,螒01螠,J86
04,螒01螠,J90
04,螒01螠,J93
04,螒01螠,J94
04,螒01螠,Q32
04,螒01螠,Q33
04,螒01螠,Q34
04,螒01螠,R58
04,螒01螠,R59
04,螒01螠,R91
04,螒01螠,S21
04,螒01螠,S27
04,螒01螠,S28
04,螒01螠,S29
04,螒01螠,T17
04,螒01围,B47
04,螒01围,C33
04,螒01围,C34
04,螒01围,C37
04,螒01围,C38
04,螒01围,C39
04,螒01围,C45
04,螒01围,C81
04,螒01围,C82
04,螒01围,C83
04,螒01围,C85
04,螒01围,C97
04,螒01围,D19
04,螒01围,D86
04,螒01围,E85
04,螒01围,I30
04,螒01围,I31
04,螒01围,I88
04,螒01围,J84
04,螒01围,J85
04,螒01围,J86
04,螒01围,J90
04,螒01围,J93
04,螒01围,J94
04,螒01围,Q32
04,螒01围,Q33
04,螒01围,Q34
04,螒01围,R58
04,螒01围,R59
04,螒01围,R91
04,螒01围,S21
04,螒01围,S27
04,螒01围,S28
04,螒01围,S29
04,螒01围,T17
04,螒02螠螒,B47
04,螒02螠螒,C33
04,螒02螠螒,C34
04,螒02螠螒,C37
04,螒02螠螒,C38
04,螒02螠螒,C39
04,螒02螠螒,C45
04,螒02螠螒,C81
04,螒02螠螒,C82
04,螒02螠螒,C83
04,螒02螠螒,C85
04,螒02螠螒,C97
04,螒02螠螒,D19
04,螒02螠螒,D86
04,螒02螠螒,E85
04,螒02螠螒,I30
04,螒02螠螒,I31
04,螒02螠螒,I88
04,螒02螠螒,J84
04,螒02螠螒,J85
04,螒02螠螒,J86
04,螒02螠螒,J90
04,螒02螠螒,J93
04,螒02螠螒,J94
04,螒02螠螒,Q32
04,螒02螠螒,Q33
04,螒02螠螒,Q34
04,螒02螠螒,R58
04,螒02螠螒,R59
04,螒02螠螒,R91
04,螒02螠螒,S21
04,螒02螠螒,S27
04,螒02螠螒,S28
04,螒02螠螒,S29
04,螒02螠螒,T17
04,螒02螠螔,B47
04,螒02螠螔,C33
04,螒02螠螔,C34
04,螒02螠螔,C37
04,螒02螠螔,C38
04,螒02螠螔,C39
04,螒02螠螔,C45
04,螒02螠螔,C81
04,螒02螠螔,C82
04,螒02螠螔,C83
04,螒02螠螔,C85
04,螒02螠螔,C97
04,螒02螠螔,D19
04,螒02螠螔,D86
04,螒02螠螔,E85
04,螒02螠螔,I30
04,螒02螠螔,I31
04,螒02螠螔,I88
04,螒02螠螔,J84
04,螒02螠螔,J85
04,螒02螠螔,J86
04,螒02螠螔,J90
04,螒02螠螔,J93
04,螒02螠螔,J94
04,螒02螠螔,Q32
04,螒02螠螔,Q33
04,螒02螠螔,Q34
04,螒02螠螔,R58
04,螒02螠螔,R59
04,螒02螠螔,R91
04,螒02螠螔,S21
04,螒02螠螔,S27
04,螒02螠螔,S28
04,螒02螠螔,S29
04,螒02螠螔,T17
04,螒02围,C34
04,螒02围,C39
04,螒02围,C45
04,螒02围,C97
04,螒02围,I88
04,螒02围,J84
04,螒02围,J90
04,螒02围,J93
04,螒02围,J94
04,螒02围,R58
04,螒02围,R59
04,螒02围,R91
04,螒02围,S27
04,螒02围,S29
04,螒02围,T17
04,螒10螠,J12
04,螒10螠,J13
04,螒10螠,J14
04,螒10螠,J15
04,螒10螠,J16
04,螒10螠,J17
04,螒10螠,J18
04,螒10螠,J81
04,螒10螠,J43
04,螒10螠,J93
04,螒10螠,J46
04,螒10螠,J86
04,螒10螠,J84
04,螒10螠,J60
04,螒10螠,J61
04,螒10螠,J62
04,螒10螠,J63
04,螒10螠,J64
04,螒10螠,J67
04,螒10螠,A15
04,螒10螠,A16
04,螒10螠,A17
04,螒10螠,A18
04,螒10螠,A19
04,螒10围,J12
04,螒10围,J13
04,螒10围,J14
04,螒10围,J15
04,螒10围,J16
04,螒10围,J17
04,螒10围,J18
04,螒10围,J81
04,螒10围,J43
04,螒10围,J93
04,螒10围,J46
04,螒10围,J86
04,螒10围,J84
04,螒10围,J60
04,螒10围,J61
04,螒10围,J62
04,螒10围,J63
04,螒10围,J64
04,螒10围,J67
04,螒10围,A15
04,螒10围,A16
04,螒10围,A17
04,螒10围,A18
04,螒10围,A19
04,螒12螒,A15
04,螒12螒,A16
04,螒12螒,C33
04,螒12螒,C34
04,螒12螒,C38
04,螒12螒,C81
04,螒12螒,C82
04,螒12螒,C83
04,螒12螒,C88
04,螒12螒,C90
04,螒12螒,D86
04,螒12螒,E85
04,螒12螒,J84
04,螒12螒,R05
04,螒12螒,R50
04,螒12螒,R59
04,螒12螒,R84
04,螒12螒,R91
04,螒12螠,B20
04,螒12螠,B21
04,螒12螠,B22
04,螒12螠,B23
04,螒12螠,B24
04,螒12螠,B47
04,螒12螠,C33
04,螒12螠,C34
04,螒12螠,C38
04,螒12螠,C81
04,螒12螠,C82
04,螒12螠,C83
04,螒12螠,C85
04,螒12螠,C97
04,螒12螠,D86
04,螒12螠,E85
04,螒12螠,I88
04,螒12螠,J12
04,螒12螠,J13
04,螒12螠,J14
04,螒12螠,J15
04,螒12螠,J16
04,螒12螠,J17
04,螒12螠,J18
04,螒12螠,J45
04,螒12螠,J21
04,螒12螠,J22
04,螒12螠,J41
04,螒12螠,J42
04,螒12螠,J43
04,螒12螠,J60
04,螒12螠,J61
04,螒12螠,J62
04,螒12螠,J63
04,螒12螠,J64
04,螒12螠,J67
04,螒12螠,J82
04,螒12螠,J84
04,螒12螠,J85
04,螒12螠,Q32
04,螒12螠,Q33
04,螒12螠,Q34
04,螒12螠,R05
04,螒12螠,R06
04,螒12螠,R50
04,螒12螠,R59
04,螒12螠,R84
04,螒12螠,R91
04,螒12围,B20
04,螒12围,B21
04,螒12围,B22
04,螒12围,B23
04,螒12围,B24
04,螒12围,B47
04,螒12围,C33
04,螒12围,C34
04,螒12围,C38
04,螒12围,C81
04,螒12围,C82
04,螒12围,C83
04,螒12围,C85
04,螒12围,C97
04,螒12围,D86
04,螒12围,E85
04,螒12围,I88
04,螒12围,J12
04,螒12围,J13
04,螒12围,J14
04,螒12围,J15
04,螒12围,J16
04,螒12围,J17
04,螒12围,J18
04,螒12围,J45
04,螒12围,J21
04,螒12围,J22
04,螒12围,J41
04,螒12围,J42
04,螒12围,J43
04,螒12围,J60
04,螒12围,J61
04,螒12围,J62
04,螒12围,J63
04,螒12围,J64
04,螒12围,J67
04,螒12围,J82
04,螒12围,J84
04,螒12围,J85
04,螒12围,Q32
04,螒12围,Q33
04,螒12围,Q34
04,螒12围,R05
04,螒12围,R06
04,螒12围,R50
04,螒12围,R59
04,螒12围,R84
04,螒12围,R91
04,螒21螠,I26
04,螒21围,I26
04,螒22螠螒,J12
04,螒22螠螒,J13
04,螒22螠螒,J14
04,螒22螠螒,J15
04,螒22螠螒,J16
04,螒22螠螒,J17
04,螒22螠螒,J18
04,螒22螠螒,J47
04,螒22螠螒,J85
04,螒22螠螒,J86
04,螒22螠螔,J12
04,螒22螠螔,J13
04,螒22螠螔,J14
04,螒22螠螔,J15
04,螒22螠螔,J16
04,螒22螠螔,J17
04,螒22螠螔,J18
04,螒22螠螔,J20
04,螒22螠螔,J21
04,螒22螠螔,J22
04,螒22螠螔,J47
04,螒22螠螔,J85
04,螒22螠螔,J86
04,螒22围,J12
04,螒22围,J13
04,螒22围,J14
04,螒22围,J15
04,螒22围,J16
04,螒22围,J17
04,螒22围,J18
04,螒22围,J20
04,螒22围,J21
04,螒22围,J22
04,螒22围,J47
04,螒22围,J85
04,螒22围,J86
04,螒24螠,J81
04,螒24围,J81
04,螒25螠,J41
04,螒25螠,J42
04,螒25螠,J43
04,螒25螠,J44
04,螒25围,J41
04,螒25围,J42
04,螒25围,J43
04,螒25围,J44
04,螒26螠螒,S21
04,螒26螠螒,S22
04,螒26螠螒,S23
04,螒26螠螒,S24
04,螒26螠螒,S25
04,螒26螠螒,S26
04,螒26螠螒,S27
04,螒26螠螒,S28
04,螒26螠螒,S29
04,螒26螠螔,S20
04,螒26螠螔,S21
04,螒26螠螔,S22
04,螒26螠螔,S23
04,螒26螠螔,S24
04,螒26螠螔,S25
04,螒26螠螔,S26
04,螒26螠螔,S27
04,螒26螠螔,S28
04,螒26螠螔,S29
04,螒26围,S20
04,螒26围,S21
04,螒26围,S22
04,螒26围,S23
04,螒26围,S24
04,螒26围,S25
04,螒26围,S26
04,螒26围,S27
04,螒26围,S28
04,螒26围,S29
04,螒27螠,R05
04,螒27螠,R06
04,螒27螠,R59
04,螒27围,R05
04,螒27围,R06
04,螒27围,R59
04,螒28螠,J93
04,螒28围,J93
04,螒29螠,J45
04,螒29螠,J46
04,螒29螠,J40
04,螒29螠,J41
04,螒29螠,J42
04,螒29螠,J20
04,螒29围,J45
04,螒29围,J40
04,螒29围,J41
04,螒29围,J42
04,螒29围,J20
04,螒30螠,R05
04,螒30螠,J21
04,螒30围,R05
04,螒30围,J21
04,螒31螠,C33
04,螒31螠,C34
04,螒31螠,C38
04,螒31螠,C39
04,螒31螠,C45
04,螒31螠,C81
04,螒31螠,C82
04,螒31螠,C83
04,螒31螠,C85
04,螒31螠,C97
04,螒31螠,D19
04,螒31螠,Z08
04,螒31围,C33
04,螒31围,C34
04,螒31围,C38
04,螒31围,C39
04,螒31围,C45
04,螒31围,C81
04,螒31围,C82
04,螒31围,C83
04,螒31围,C85
04,螒31围,C97
04,螒31围,D19
04,螒31围,Z08
04,螒32螒,Q32
04,螒32螒,Q33
04,螒32螒,Q34
04,螒33螠螒,J90
04,螒33螠螒,J91
04,螒33螠螒,J86
04,螒33螠螔,J90
04,螒33螠螔,J91
04,螒33围,J90
04,螒33围,J91
04,螒34螠螒,J60
04,螒34螠螒,J61
04,螒34螠螒,J62
04,螒34螠螒,J63
04,螒34螠螒,J64
04,螒34螠螒,J67
04,螒34螠螒,J68
04,螒34螠螒,J69
04,螒34螠螒,J80
04,螒34螠螒,J82
04,螒34螠螒,J84
04,螒34螠螔,J60
04,螒34螠螔,J61
04,螒34螠螔,J62
04,螒34螠螔,J63
04,螒34螠螔,J64
04,螒34螠螔,J67
04,螒34螠螔,J68
04,螒34螠螔,J69
04,螒34螠螔,J80
04,螒34螠螔,J82
04,螒34螠螔,J84
04,螒34围,J60
04,螒34围,J61
04,螒34围,J62
04,螒34围,J63
04,螒34围,J64
04,螒34围,J67
04,螒34围,J68
04,螒34围,J69
04,螒34围,J80
04,螒34围,J82
04,螒34围,J84
04,螒36螒,A15
04,螒36螒,A16
04,螒36螒,A17
04,螒36螒,A18
04,螒36螒,A19
05,螘04螒,J96
05,螘05螒,I42
05,螘05螒,I50
05,螘05螒,I43
05,螘06围螕,I05
05,螘06围螕,I06
05,螘06围螕,I07
05,螘06围螕,I08
05,螘06围螕,I34
05,螘06围螕,I35
05,螘06围螕,I36
05,螘06围螕,I38
05,螘06围螕,I39
05,螘10螒,I42
05,螘10螒,I43
05,螘13螒,I05
05,螘13螒,I06
05,螘13螒,I07
05,螘13螒,I08
05,螘13螒,I34
05,螘13螒,I35
05,螘13螒,I36
05,螘13螒,I38
05,螘13螒,I39
05,螘13螒,I37
05,螘13螒,I40
05,螘13螒,I41
05,螘13螒,I42
05,螘13螒,I43
05,螘13螒,I46
05,螘13螒,Q20
05,螘13螒,Q21
05,螘13螒,Q22
05,螘13螒,Q23
05,螘13螒,Q24
05,螘13螒,Q25
05,螘13螒,Q26
05,螘13螒,Q27
05,螘13螒,Q28
05,螝01螠,I05
05,螝01螠,I06
05,螝01螠,I07
05,螝01螠,I08
05,螝01螠,I34
05,螝01螠,I35
05,螝01螠,I36
05,螝01螠,I38
05,螝01螠,I39
05,螝01螠,I33
05,螝01围,I05
05,螝01围,I06
05,螝01围,I07
05,螝01围,I08
05,螝01围,I34
05,螝01围,I35
05,螝01围,I36
05,螝01围,I38
05,螝01围,I39
05,螝02螒,I05
05,螝02螒,I06
05,螝02螒,I07
05,螝02螒,I08
05,螝02螒,I34
05,螝02螒,I35
05,螝02螒,I36
05,螝02螒,I38
05,螝02螒,I39
05,螝03螠,I06
05,螝03螠,I33
05,螝03螠,I37
05,螝03螠,I38
05,螝03螠,I39
05,螝03螠,I08
05,螝03螠,I34
05,螝03螠,I35
05,螝03围,I06
05,螝03围,I33
05,螝03围,I37
05,螝03围,I38
05,螝03围,I39
05,螝03围,I08
05,螝03围,I34
05,螝03围,I35
05,螝04螠,I05
05,螝04螠,I06
05,螝04螠,I07
05,螝04螠,I08
05,螝04螠,I34
05,螝04螠,I35
05,螝04螠,I36
05,螝04螠,I38
05,螝04螠,I39
05,螝04螠,I33
05,螝04螠,I37
05,螝04围,I05
05,螝04围,I06
05,螝04围,I07
05,螝04围,I08
05,螝04围,I34
05,螝04围,I35
05,螝04围,I36
05,螝04围,I38
05,螝04围,I39
05,螝04围,I33
05,螝04围,I37
05,螝05螠,I25
05,螝05螠,Z95
05,螝05围,I25
05,螝06螠,I25
05,螝06螠,Z95
05,螝06围,I25
05,螝07螠螒,I71
05,螝07螠螔,I71
05,螝07围,I71
05,螝09螠螒,I30
05,螝09螠螒,I48
05,螝09螠螔,I30
05,螝09螠螔,I48
05,螝09围,I30
05,螝09围,I48
05,螝10螠,I23
05,螝10螠,I24
05,螝10螠,I25
05,螝10围,I23
05,螝12螠,I45
05,螝12螠,I05
05,螝12螠,I06
05,螝12螠,I07
05,螝12螠,I08
05,螝12螠,I34
05,螝12螠,I35
05,螝12螠,I36
05,螝12螠,I38
05,螝12螠,I39
05,螝12围,I45
05,螝12围,I05
05,螝12围,I06
05,螝12围,I07
05,螝12围,I08
05,螝12围,I34
05,螝12围,I35
05,螝12围,I36
05,螝12围,I38
05,螝12围,I39
05,螝14螠螒,I71
05,螝14螠螒,I72
05,螝17螠,I45
05,螝17螠,I05
05,螝17螠,I06
05,螝17螠,I07
05,螝17螠,I08
05,螝17螠,I34
05,螝17螠,I35
05,螝17螠,I36
05,螝17螠,I38
05,螝17螠,I39
05,螝17围,I45
05,螝17围,I05
05,螝17围,I06
05,螝17围,I07
05,螝17围,I08
05,螝17围,I34
05,螝17围,I35
05,螝17围,I36
05,螝17围,I38
05,螝17围,I39
05,螝18螠,I45
05,螝18螠,I05
05,螝18螠,I06
05,螝18螠,I07
05,螝18螠,I08
05,螝18螠,I34
05,螝18螠,I35
05,螝18螠,I36
05,螝18螠,I38
05,螝18螠,I39
05,螝18围,I45
05,螝18围,I05
05,螝18围,I06
05,螝18围,I07
05,螝18围,I08
05,螝18围,I34
05,螝18围,I35
05,螝18围,I36
05,螝18围,I38
05,螝18围,I39
05,螝21螠,I05
05,螝21螠,I06
05,螝21螠,I07
05,螝21螠,I08
05,螝21螠,I34
05,螝21螠,I35
05,螝21螠,I36
05,螝21螠,I38
05,螝21螠,I39
05,螝21围,I05
05,螝21围,I06
05,螝21围,I07
05,螝21围,I08
05,螝21围,I34
05,螝21围,I35
05,螝21围,I36
05,螝21围,I38
05,螝21围,I39
05,螝22螒,I71
05,螝22螒,I08
05,螝22螒,I72
05,螝30螠,I05
05,螝30螠,I06
05,螝30螠,I07
05,螝30螠,I08
05,螝30螠,I34
05,螝30螠,I35
05,螝30螠,I36
05,螝30螠,I38
05,螝30螠,I39
05,螝30围,I05
05,螝30围,I06
05,螝30围,I07
05,螝30围,I08
05,螝30围,I34
05,螝30围,I35
05,螝30围,I36
05,螝30围,I38
05,螝30围,I39
05,螝47螒,I05
05,螝47螒,I48
05,螝47螒,I49
05,螝47螒,I34
05,螝38螠,P77
05,螝38螠,Q96
05,螝38螠,Q02
05,螝38螠,F79
05,螝38螠,Q37
05,螝38螠,I00
05,螝38螠,I01
05,螝38螠,I38
05,螝38螠,I10
05,螝38螠,S26
05,螝38螠,I48
05,螝38螠,J90
05,螝38螠,J86
05,螝38螠,R55
05,螝38围,P77
05,螝38围,Q96
05,螝38围,Q02
05,螝38围,F79
05,螝38围,Q37
05,螝38围,I00
05,螝38围,I01
05,螝38围,I38
05,螝38围,I10
05,螝38围,S26
05,螝38围,I48
05,螝38围,J90
05,螝38围,J86
05,螝38围,R55
05,韦02螒,P77
05,韦02螒,Q96
05,韦02螒,Q02
05,韦02螒,F79
05,韦02螒,Q37
05,韦02螒,I00
05,韦02螒,I01
05,韦02螒,I38
05,韦02螒,I10
05,韦02螒,S26
05,韦02螒,I48
05,韦02螒,J90
05,韦02螒,J86
05,韦02螒,R55
05,螝10螠,I48
05,螝10螠,I49
05,螝10螠,I21
05,螝10螠,I22
05,螝10螠,I50
05,螝10螠,I46
05,螝10螠,R55
05,螝10螠,R57
05,螝10围,I48
05,螝10围,I49
05,螝10围,I21
05,螝10围,I22
05,螝10围,I24
05,螝15螠,I30
05,螝15螠,I48
05,螝15螠,I49
05,螝15螠,I20
05,螝15螠,I24
05,螝15螠,I25
05,螝15螠,I46
05,螝15螠,R55
05,螝15围,I48
05,螝15围,I20
05,螝15围,I24
05,螝15围,I25
05,螝16螠,I30
05,螝16螠,I48
05,螝16螠,I49
05,螝16螠,I20
05,螝16螠,I24
05,螝16螠,I25
05,螝16螠,I46
05,螝16螠,R55
05,螝16围,I20
05,螝16围,I24
05,螝16围,I25
05,螝19螒,I05
05,螝19螒,I34
05,螝19螒,I35
05,螝19螒,I20
05,螝19螒,I21
05,螝19螒,I22
05,螝19螒,I23
05,螝19螒,I24
05,螝19螒,I25
05,螝19螒,I27
05,螝19螒,I40
05,螝19螒,I50
05,螝19螒,I51
05,螝19螒,R55
05,螝19螒,I26
05,螝19螒,I42
05,螝19螒,Z94
05,螝21螠,I24
05,螝21螠,I25
05,螝21螠,I26
05,螝21螠,I27
05,螝21螠,I28
05,螝21螠,I40
05,螝21螠,I42
05,螝21螠,I50
05,螝21螠,I51
05,螝21螠,I46
05,螝21螠,R55
05,螝21螠,Z94
05,螝21围,I24
05,螝21围,I25
05,螝21围,I26
05,螝21围,I27
05,螝21围,I28
05,螝21围,I40
05,螝21围,I42
05,螝21围,Z94
05,螝30螠,I27
05,螝30螠,I01
05,螝30螠,I11
05,螝30螠,I21
05,螝30螠,I22
05,螝30螠,I23
05,螝30螠,I24
05,螝30螠,I25
05,螝30螠,I26
05,螝30螠,I31
05,螝30螠,I40
05,螝30螠,I42
05,螝30螠,I46
05,螝30螠,I50
05,螝30螠,I51
05,螝30螠,R55
05,螝30螠,Z94
05,螝30螠,I71
05,螝30螠,T86
05,螝30围,I27
05,螝30围,I01
05,螝30围,I11
05,螝30围,I21
05,螝30围,I22
05,螝30围,I24
05,螝30围,I25
05,螝30围,I26
05,螝30围,I31
05,螝30围,I40
05,螝30围,I42
05,螝30围,I50
05,螝31螠,I48
05,螝31螠,I49
05,螝31螠,I21
05,螝31螠,I22
05,螝31螠,I23
05,螝31螠,I24
05,螝31螠,I50
05,螝31螠,I46
05,螝31螠,R55
05,螝31围,I48
05,螝31围,I49
05,螝31围,I21
05,螝31围,I22
05,螝31围,I24
05,螝32螠,I11
05,螝32螠,I20
05,螝32螠,I24
05,螝32螠,I25
05,螝32螠,I26
05,螝32螠,I27
05,螝32螠,I28
05,螝32螠,I31
05,螝32螠,I40
05,螝32螠,I42
05,螝32螠,I50
05,螝32螠,I51
05,螝32螠,I46
05,螝32螠,R55
05,螝32螠,Z94
05,螝32螠,T86
05,螝32围,I11
05,螝32围,I20
05,螝32围,I24
05,螝32围,I25
05,螝32围,I26
05,螝32围,I27
05,螝32围,I28
05,螝32围,I31
05,螝32围,I40
05,螝32围,I42
05,螝32围,I50
05,螝32围,Z94
05,螝32螒,I11
05,螝32螒,I20
05,螝32螒,I25
05,螝32螒,I42
05,螝32螒,Z94
05,螝32螒,I50
05,螝40螠,I48
05,螝40螠,I49
05,螝40螠,I21
05,螝40螠,I22
05,螝40螠,I23
05,螝40螠,I24
05,螝40螠,I50
05,螝40螠,I46
05,螝40螠,R55
05,螝40螠,I71
05,螝40围,I21
05,螝40围,I22
05,螝40围,I24
05,螝41螠,I36
05,螝41螠,I00
05,螝41螠,B95
05,螝41螠,B96
05,螝41螠,B97
05,螝41螠,I01
05,螝41螠,I09
05,螝41螠,I24
05,螝41螠,I33
05,螝41螠,I38
05,螝41螠,I34
05,螝41螠,I35
05,螝41螠,I37
05,螝41螠,I50
05,螝41螠,I46
05,螝41螠,R55
05,螝41螠,I40
05,螝41螠,I51
05,螝41围,I36
05,螝41围,I01
05,螝41围,I09
05,螝41围,I24
05,螝41围,I33
05,螝41围,I38
05,螝41围,I34
05,螝41围,I35
05,螝41围,I37
05,螝42螠,I27
05,螝42螠,I01
05,螝42螠,I05
05,螝42螠,I06
05,螝42螠,I07
05,螝42螠,I08
05,螝42螠,I11
05,螝42螠,I21
05,螝42螠,I22
05,螝42螠,I23
05,螝42螠,I24
05,螝42螠,I25
05,螝42螠,I26
05,螝42螠,I31
05,螝42螠,I33
05,螝42螠,I38
05,螝42螠,I34
05,螝42螠,I35
05,螝42螠,I36
05,螝42螠,I37
05,螝42螠,I40
05,螝42螠,I42
05,螝42螠,I46
05,螝42螠,I50
05,螝42螠,I51
05,螝42螠,R55
05,螝42螠,Z94
05,螝42螠,I71
05,螝42螠,T82
05,螝42螠,T86
05,螝42围,I27
05,螝42围,I01
05,螝42围,I05
05,螝42围,I06
05,螝42围,I07
05,螝42围,I08
05,螝42围,I11
05,螝42围,I21
05,螝42围,I22
05,螝42围,I24
05,螝42围,I25
05,螝42围,I26
05,螝42围,I31
05,螝42围,I33
05,螝42围,I38
05,螝42围,I34
05,螝42围,I35
05,螝42围,I36
05,螝42围,I37
05,螝42围,I40
05,螝42围,I42
05,螝42围,I50
05,螝42围,Z94
05,螝42围,B95
05,螝42围,B96
05,螝42围,B97
05,螝36螠,I48
05,螝36螠,I49
05,螝36螠,I20
05,螝36螠,I21
05,螝36螠,I22
05,螝36螠,I23
05,螝36螠,I24
05,螝36螠,I25
05,螝36螠,I50
05,螝36螠,I46
05,螝36螠,R55
05,螝36围,I48
05,螝36围,I49
05,螝36围,I20
05,螝36围,I21
05,螝36围,I22
05,螝36围,I24
05,螝36围,I25
05,螝37螠,I48
05,螝37螠,I49
05,螝37螠,I10
05,螝37螠,I11
05,螝37螠,I12
05,螝37螠,I13
05,螝37螠,I15
05,螝37螠,I50
05,螝37围,I48
05,螝37围,I10
05,螝37围,I11
05,螝37围,I12
05,螝37围,I13
05,螝37围,I15
05,螝37围,I42
05,螝37围,R53
05,螝39螠,I24
05,螝39螠,B95
05,螝39螠,B96
05,螝39螠,B97
05,螝39螠,I05
05,螝39螠,I06
05,螝39螠,I07
05,螝39螠,I08
05,螝39螠,I20
05,螝39螠,I23
05,螝39螠,I25
05,螝39螠,I26
05,螝39螠,I27
05,螝39螠,I33
05,螝39螠,I38
05,螝39螠,I34
05,螝39螠,I35
05,螝39螠,I36
05,螝39螠,I37
05,螝39螠,I50
05,螝39螠,I46
05,螝39螠,R55
05,螝39螠,I51
05,螝39围,I24
05,螝39围,B95
05,螝39围,B96
05,螝39围,B97
05,螝39围,I05
05,螝39围,I06
05,螝39围,I07
05,螝39围,I08
05,螝39围,I20
05,螝39围,I25
05,螝39围,I27
05,螝39围,I33
05,螝39围,I38
05,螝39围,I34
05,螝39围,I35
05,螝39围,I36
05,螝39围,I37
05,螝42螠,I48
05,螝42螠,I49
,螝42螠,I20
05,螝42围,I48
05,螝42围,I20
05,螝44螒,I20
05,螝44螒,I21
05,螝44螒,I22
05,螝44螒,I23
05,螝44螒,I24
05,螝44螒,I25
05,螝44螒,I26
05,螝44螒,I27
05,螝44螒,I28
05,螝44螒,I30
05,螝44螒,I31
05,螝44螒,I33
05,螝44螒,I38
05,螝44螒,I40
05,螝44螒,I42
05,螝44螒,I50
05,螝44螒,I71
05,螝44螒,I34
05,螝44螒,I35
05,螝44螒,I36
05,螝44螒,I37
05,螝44螒,I05
05,螝44螒,I06
05,螝44螒,I07
05,螝44螒,I08
05,螝44螒,B65
05,螝44螒,B85
05,螝44螒,B95
05,螝44螒,B96
05,螝44螒,B97
05,螝44螒,E85
05,螝44螒,I00
05,螝44螒,I01
05,螝44螒,I09
05,螝44螒,I10
05,螝44螒,I11
05,螝44螒,I12
05,螝44螒,I13
05,螝44螒,I15
05,螝44螒,I46
05,螝44螒,I48
05,螝44螒,I49
05,螝44螒,I51
05,螝44螒,I97
05,螝44螒,I99
05,螝44螒,R53
05,螝44螒,R55
05,螝44螒,R57
05,螝44螒,T82
05,螝44螒,T86
05,螝44螒,Z94
05,螝45螠螒,I24
05,螝45螠螒,E85
05,螝45螠螒,B65
05,螝45螠螒,I09
05,螝45螠螒,I25
05,螝45螠螒,I27
05,螝45螠螒,I28
05,螝45螠螒,I31
05,螝45螠螒,I50
05,螝45螠螒,I51
05,螝45螠螒,I71
05,螝45螠螒,I46
05,螝45螠螒,I97
05,螝45螠螒,I99
05,螝45螠螒,R55
05,螝45螠螒,T82
05,螝45螠螒,T86
05,螝45螠螔,B85
05,螝45螠螔,B65
05,螝45螠螔,I09
05,螝45螠螔,I24
05,螝45螠螔,I25
05,螝45螠螔,I27
05,螝45螠螔,I28
05,螝45螠螔,I31
05,螝45螠螔,I50
05,螝45螠螔,I51
05,螝45螠螔,I97
05,螝45螠螔,I99
05,螝45围,I24
05,螝45围,I25
05,螝45围,I27
05,螝45围,I28
05,螝45围,I31
05,螝45围,I51
05,螝45围,I97
05,螝45围,I99
05,螝01螠,Q20
05,螝01螠,Q24
05,螝01螠,R95
05,螝01螠,R98
05,螝01螠,G70
05,螝01螠,G71
05,螝01螠,G72
05,螝01螠,I13
05,螝01螠,I23
05,螝01螠,I25
05,螝01螠,I42
05,螝01螠,I49
05,螝01螠,I50
05,螝01螠,J93
05,螝01螠,J95
05,螝01螠,T81
05,螝01螠,T82
05,螝01螠,W84
05,螝01螠,Y60
05,螝01螠,Y61
05,螝01螠,Y62
05,螝01螠,Y63
05,螝01螠,Y64
05,螝01螠,Y65
05,螝01螠,Y69
05,螝01螠,Y84
05,螝01螠,Y95
05,螝01螠,I82
05,螝01螠,I95
05,螝01螠,I97
05,螝01螠,Y66
05,螝01围,Q20
05,螝01围,Q24
05,螝01围,R95
05,螝01围,R98
05,螝01围,G70
05,螝01围,G71
05,螝01围,G72
05,螝01围,I13
05,螝01围,I23
05,螝01围,I25
05,螝01围,I42
05,螝01围,I49
05,螝01围,I50
05,螝01围,J93
05,螝01围,J95
05,螝01围,T81
05,螝01围,T82
05,螝01围,W84
05,螝01围,Y60
05,螝01围,Y61
05,螝01围,Y62
05,螝01围,Y63
05,螝01围,Y64
05,螝01围,Y65
05,螝01围,Y69
05,螝01围,Y84
05,螝01围,Y95
05,螝01围,I33
05,螝01围,I82
05,螝01围,I95
05,螝01围,I97
05,螝01围,Y66
05,螝02螒,Q20
05,螝02螒,Q24
05,螝02螒,R95
05,螝02螒,R98
05,螝02螒,G70
05,螝02螒,G71
05,螝02螒,G72
05,螝02螒,I13
05,螝02螒,I23
05,螝02螒,I25
05,螝02螒,I42
05,螝02螒,I49
05,螝02螒,I50
05,螝02螒,J93
05,螝02螒,J95
05,螝02螒,T81
05,螝02螒,T82
05,螝02螒,W84
05,螝02螒,Y60
05,螝02螒,Y61
05,螝02螒,Y62
05,螝02螒,Y63
05,螝02螒,Y64
05,螝02螒,Y65
05,螝02螒,Y69
05,螝02螒,Y84
05,螝02螒,Y95
05,螝02螒,I33
05,螝02螒,I82
05,螝02螒,I95
05,螝02螒,I97
05,螝02螒,Y66
05,螝12螠,Q20
05,螝12螠,Q24
05,螝12螠,R95
05,螝12螠,R98
05,螝12螠,G70
05,螝12螠,G71
05,螝12螠,G72
05,螝12螠,I13
05,螝12螠,I23
05,螝12螠,I25
05,螝12螠,I42
05,螝12螠,I44
05,螝12螠,I46
05,螝12螠,I50
05,螝12螠,J93
05,螝12螠,J95
05,螝12螠,T81
05,螝12螠,T82
05,螝12螠,W84
05,螝12螠,Y60
05,螝12螠,Y61
05,螝12螠,Y62
05,螝12螠,Y63
05,螝12螠,Y64
05,螝12螠,Y65
05,螝12螠,Y69
05,螝12螠,Y84
05,螝12螠,Y95
05,螝12螠,I33
05,螝12螠,I82
05,螝12螠,I95
05,螝12螠,I97
05,螝12螠,Y66
05,螝17螠,Q20
05,螝17螠,Q24
05,螝17螠,R95
05,螝17螠,R98
05,螝17螠,G70
05,螝17螠,G71
05,螝17螠,G72
05,螝17螠,I13
05,螝17螠,I23
05,螝17螠,I25
05,螝17螠,I42
05,螝17螠,I44
05,螝17螠,I46
05,螝17螠,I50
05,螝17螠,J93
05,螝17螠,J95
05,螝17螠,T81
05,螝17螠,T82
05,螝17螠,W84
05,螝17螠,Y60
05,螝17螠,Y61
05,螝17螠,Y62
05,螝17螠,Y63
05,螝17螠,Y64
05,螝17螠,Y65
05,螝17螠,Y69
05,螝17螠,Y84
05,螝17螠,Y95
05,螝17螠,I33
05,螝17螠,I82
05,螝17螠,I95
05,螝17螠,I97
05,螝17螠,Y66
05,螝12围,Q20
05,螝12围,Q24
05,螝12围,R95
05,螝12围,R98
05,螝12围,G70
05,螝12围,G71
05,螝12围,G72
05,螝12围,I13
05,螝12围,I23
05,螝12围,I25
05,螝12围,I42
05,螝12围,I44
05,螝12围,I46
05,螝12围,I50
05,螝12围,J93
05,螝12围,J95
05,螝12围,T81
05,螝12围,T82
05,螝12围,W84
05,螝12围,Y60
05,螝12围,Y61
05,螝12围,Y62
05,螝12围,Y63
05,螝12围,Y64
05,螝12围,Y65
05,螝12围,Y69
05,螝12围,Y84
05,螝12围,Y95
05,螝12围,I33
05,螝12围,I82
05,螝12围,I95
05,螝12围,I97
05,螝12围,Y66
05,螝17围,Q20
05,螝17围,Q24
05,螝17围,R95
05,螝17围,R98
05,螝17围,G70
05,螝17围,G71
05,螝17围,G72
05,螝17围,I13
05,螝17围,I23
05,螝17围,I25
05,螝17围,I42
05,螝17围,I44
05,螝17围,I46
05,螝17围,I50
05,螝17围,J93
05,螝17围,J95
05,螝17围,T81
05,螝17围,T82
05,螝17围,W84
05,螝17围,Y60
05,螝17围,Y61
05,螝17围,Y62
05,螝17围,Y63
05,螝17围,Y64
05,螝17围,Y65
05,螝17围,Y69
05,螝17围,Y84
05,螝17围,Y95
05,螝17围,I33
05,螝17围,I82
05,螝17围,I95
05,螝17围,I97
05,螝17围,Y66
05,螝18螠,Q20
05,螝18螠,Q24
05,螝18螠,R95
05,螝18螠,R98
05,螝18螠,G70
05,螝18螠,G71
05,螝18螠,G72
05,螝18螠,I13
05,螝18螠,I23
05,螝18螠,I25
05,螝18螠,I42
05,螝18螠,I44
05,螝18螠,I46
05,螝18螠,I50
05,螝18螠,J93
05,螝18螠,J95
05,螝18螠,T81
05,螝18螠,T82
05,螝18螠,W84
05,螝18螠,Y60
05,螝18螠,Y61
05,螝18螠,Y62
05,螝18螠,Y63
05,螝18螠,Y64
05,螝18螠,Y65
05,螝18螠,Y69
05,螝18螠,Y84
05,螝18螠,Y95
05,螝18螠,I33
05,螝18螠,I82
05,螝18螠,I95
05,螝18螠,I97
05,螝18螠,Y66
05,螝18围,Q20
05,螝18围,Q24
05,螝18围,R95
05,螝18围,R98
05,螝18围,G70
05,螝18围,G71
05,螝18围,G72
05,螝18围,I13
05,螝18围,I23
05,螝18围,I25
05,螝18围,I42
05,螝18围,I44
05,螝18围,I46
05,螝18围,I50
05,螝18围,J93
05,螝18围,J95
05,螝18围,T81
05,螝18围,T82
05,螝18围,W84
05,螝18围,Y60
05,螝18围,Y61
05,螝18围,Y62
05,螝18围,Y63
05,螝18围,Y64
05,螝18围,Y65
05,螝18围,Y69
05,螝18围,Y84
05,螝18围,Y95
05,螝18围,I33
05,螝18围,I82
05,螝18围,I95
05,螝18围,I97
05,螝18围,Y66
05,螝43螠,Q20
05,螝43螠,Q24
05,螝43螠,R00
05,螝43螠,R95
05,螝43螠,R96
05,螝43螠,R98
05,螝43螠,T46
05,螝43螠,T68
05,螝43螠,T69
05,螝43螠,T78
05,螝43螠,T81
05,螝43螠,T82
05,螝43螠,W84
05,螝43螠,W85
05,螝43螠,W86
05,螝43螠,W87
05,螝43螠,Y14
05,螝43螠,Y19
05,螝43螠,Y95
05,螝43螠,E87
05,螝43螠,G70
05,螝43螠,G71
05,螝43螠,G72
05,螝43螠,I11
05,螝43螠,I13
05,螝43螠,I21
05,螝43螠,I23
05,螝43螠,I24
05,螝43螠,I25
05,螝43螠,I26
05,螝43螠,I27
05,螝43螠,I30
05,螝43螠,I31
05,螝43螠,I33
05,螝43螠,I34
05,螝43螠,I38
05,螝43螠,I40
05,螝43螠,I42
05,螝43螠,I44
05,螝43螠,I45
05,螝43螠,I46
05,螝43螠,I47
05,螝43螠,I48
05,螝43螠,I49
05,螝43螠,I50
05,螝43螠,T40
05,螝43螠,J93
05,螝43螠,J95
05,螝43螠,Y60
05,螝43螠,Y61
05,螝43螠,Y62
05,螝43螠,Y63
05,螝43螠,Y64
05,螝43螠,Y65
05,螝43螠,Y69
05,螝43螠,Y84
05,螝43螠,I82
05,螝43螠,I95
05,螝43螠,I97
05,螝43螠,Y66
05,螝43围,Q20
05,螝43围,Q24
05,螝43围,R00
05,螝43围,R95
05,螝43围,R96
05,螝43围,R98
05,螝43围,T46
05,螝43围,T68
05,螝43围,T69
05,螝43围,T78
05,螝43围,T81
05,螝43围,T82
05,螝43围,W84
05,螝43围,W85
05,螝43围,W86
05,螝43围,W87
05,螝43围,Y14
05,螝43围,Y19
05,螝43围,Y95
05,螝43围,E87
05,螝43围,G70
05,螝43围,G71
05,螝43围,G72
05,螝43围,I11
05,螝43围,I13
05,螝43围,I21
05,螝43围,I23
05,螝43围,I24
05,螝43围,I25
05,螝43围,I26
05,螝43围,I27
05,螝43围,I30
05,螝43围,I31
05,螝43围,I33
05,螝43围,I34
05,螝43围,I38
05,螝43围,I40
05,螝43围,I42
05,螝43围,I44
05,螝43围,I45
05,螝43围,I46
05,螝43围,I47
05,螝43围,I48
05,螝43围,I49
05,螝43围,I50
05,螝43围,T40
05,螝43围,J93
05,螝43围,J95
05,螝43围,Y60
05,螝43围,Y61
05,螝43围,Y62
05,螝43围,Y63
05,螝43围,Y64
05,螝43围,Y65
05,螝43围,Y69
05,螝43围,Y84
05,螝43围,I82
05,螝43围,I95
05,螝43围,I97
05,螝43围,Y66
05,螝46螠,Q20
05,螝46螠,Q24
05,螝46螠,R00
05,螝46螠,R95
05,螝46螠,R96
05,螝46螠,R98
05,螝46螠,T46
05,螝46螠,T68
05,螝46螠,T69
05,螝46螠,T78
05,螝46螠,T81
05,螝46螠,T82
05,螝46螠,W84
05,螝46螠,W85
05,螝46螠,W86
05,螝46螠,W87
05,螝46螠,Y14
05,螝46螠,Y19
05,螝46螠,Y95
05,螝46螠,E87
05,螝46螠,G70
05,螝46螠,G71
05,螝46螠,G72
05,螝46螠,I11
05,螝46螠,I13
05,螝46螠,I21
05,螝46螠,I23
05,螝46螠,I24
05,螝46螠,I25
05,螝46螠,I26
05,螝46螠,I27
05,螝46螠,I30
05,螝46螠,I31
05,螝46螠,I33
05,螝46螠,I34
05,螝46螠,I38
05,螝46螠,I40
05,螝46螠,I42
05,螝46螠,I44
05,螝46螠,I45
05,螝46螠,I46
05,螝46螠,I47
05,螝46螠,I48
05,螝46螠,I49
05,螝46螠,I50
05,螝46螠,T40
05,螝46螠,J93
05,螝46螠,J95
05,螝46螠,Y60
05,螝46螠,Y61
05,螝46螠,Y62
05,螝46螠,Y63
05,螝46螠,Y64
05,螝46螠,Y65
05,螝46螠,Y69
05,螝46螠,Y84
05,螝46螠,I82
05,螝46螠,I95
05,螝46螠,I97
05,螝46螠,Y66
05,螝46围,Q20
05,螝46围,Q24
05,螝46围,R00
05,螝46围,R95
05,螝46围,R96
05,螝46围,R98
05,螝46围,T46
05,螝46围,T68
05,螝46围,T69
05,螝46围,T78
05,螝46围,T81
05,螝46围,T82
05,螝46围,W84
05,螝46围,W85
05,螝46围,W86
05,螝46围,W87
05,螝46围,Y14
05,螝46围,Y19
05,螝46围,Y95
05,螝46围,E87
05,螝46围,G70
05,螝46围,G71
05,螝46围,G72
05,螝46围,I11
05,螝46围,I13
05,螝46围,I21
05,螝46围,I23
05,螝46围,I24
05,螝46围,I25
05,螝46围,I26
05,螝46围,I27
05,螝46围,I30
05,螝46围,I31
05,螝46围,I33
05,螝46围,I34
05,螝46围,I38
05,螝46围,I40
05,螝46围,I42
05,螝46围,I44
05,螝46围,I45
05,螝46围,I46
05,螝46围,I47
05,螝46围,I48
05,螝46围,I49
05,螝46围,I50
05,螝46围,T40
05,螝46围,J93
05,螝46围,J95
05,螝46围,Y60
05,螝46围,Y61
05,螝46围,Y62
05,螝46围,Y63
05,螝46围,Y64
05,螝46围,Y65
05,螝46围,Y69
05,螝46围,Y84
05,螝46围,I82
05,螝46围,I95
05,螝46围,I97
05,螝46围,Y66
05,螝08螠,I65
05,螝08螠,I67
05,螝08螠,I70
05,螝08螠,I71
05,螝08螠,I72
05,螝08螠,I73
05,螝08螠,I74
05,螝08螠,I77
05,螝08螠,I79
05,螝08螠,I87
05,螝08围,I65
05,螝08围,I67
05,螝08围,I70
05,螝08围,I71
05,螝08围,I72
05,螝08围,I73
05,螝08围,I74
05,螝08围,I77
05,螝08围,I79
05,螝08围,I87
05,螝11螠,I70
05,螝11螠,I72
05,螝11螠,I73
05,螝11螠,I74
05,螝11螠,I79
05,螝11围,I70
05,螝11围,I72
05,螝11围,I73
05,螝11围,I74
05,螝11围,I79
05,螝13螠,I70
05,螝13螠,I72
05,螝13螠,I73
05,螝13螠,I74
05,螝13螠,I79
05,螝13围,I70
05,螝13围,I72
05,螝13围,I73
05,螝13围,I74
05,螝13围,I79
05,螝14螠螒,I70
05,螝14螠螒,I73
05,螝14螠螒,I74
05,螝14螠螒,I79
05,螝14螠螒,I83
05,螝14螠螒,I86
05,螝14螠螔,I70
05,螝14螠螔,I73
05,螝14螠螔,I74
05,螝14螠螔,I79
05,螝14螠螔,I83
05,螝14螠螔,I86
05,螝14围,I70
05,螝14围,I73
05,螝14围,I74
05,螝14围,I79
05,螝14围,I83
05,螝14围,I86
05,螝20螒,I80
05,螝20螒,I83
05,螝20螒,I86
05,螝21螠,I80
05,螝21螠,I86
05,螝21螠,I87
05,螝21围,I80
05,螝21围,I86
05,螝21围,I87
05,螝43螠,I80
05,螝43螠,I81
05,螝43围,I80
05,螝43围,I81
05,螝34螠,I80
05,螝34螠,I70
05,螝34螠,I73
05,螝34螠,I74
05,螝34螠,I79
05,螝34螠,I83
05,螝34螠,I87
05,螝34围,I80
05,螝34围,I70
05,螝34围,I73
05,螝34围,I74
05,螝34围,I79
05,螝34围,I83
05,螝34围,I87
05,螝35螠,I70
05,螝35螠,I73
05,螝35螠,I74
05,螝35螠,I79
05,螝35螠,I87
05,螝35围,I70
05,螝35围,I73
05,螝35围,I74
05,螝35围,I79
05,螝35围,I87
06,螤44围,A01
06,螤44围,A02
06,螤44围,A03
06,螤44围,A04
06,螤44围,A05
06,螤44围,A06
06,螤44围,A07
06,螤44围,B82
06,螤44螠,A01
06,螤44螠,A02
06,螤44螠,A03
06,螤44螠,A04
06,螤44螠,A05
06,螤44螠,A06
06,螤44螠,A07
06,螤44螠,B82
06,螤44螠,K60
06,螤44螠,K61
06,螤26螒,K21
06,螤26螒,K23
06,螤26螒,K27
06,螤26螒,K29
06,螤26螒,K30
06,螤26围,K90
06,螤26围,K91
06,螤26螠,K74
06,螤26螠,K75
06,螤26螠,K85
06,螤26螒,K20
06,螤41围,K27
06,螤41围,K52
06,螤41围,K55
06,螤41螠,K27
06,螤41螠,K52
06,螤41螠,K55
06,螤41螠,I86
06,螤40围,C21
06,螤40围,C20
06,螤40围,C19
06,螤40围,C18
06,螤40围,C17
06,螤40围,C16
06,螤40围,C15
06,螤40围,C14
06,螤40围,C26
06,螤40围,C81
06,螤40围,C82
06,螤40围,C83
06,螤40围,C85
06,螤40螠,C14
06,螤40螠,C15
06,螤40螠,C16
06,螤40螠,C17
06,螤40螠,C18
06,螤40螠,C19
06,螤40螠,C20
06,螤40螠,C21
06,螤40螠,C26
06,螤40螠,C81
06,螤40螠,C82
06,螤40螠,C83
06,螤40螠,C85
06,螤43螒,K27
06,螤45螠,K50
06,螤45螠,K57
06,螤47围,K29
06,螤47围,K50
06,螤47围,A08
06,螤47螠,A00
06,螤47螠,A01
06,螤47螠,A02
06,螤47螠,A03
06,螤47螠,A04
06,螤47螠,A05
06,螤47螠,A06
06,螤47螠,A07
06,螤47螠,A08
06,螤47螠,K20
06,螤47螠,K29
06,螤47螠,K50
06,螤47螠,K52
06,螤12围,K22
06,螤12围,K83
06,螤12围,K87
06,螤12围,K91
06,螤27围,K22
06,螤27围,K83
06,螤27围,K86
06,螤26螠,K20
06,螤26螠,K22
06,螤27螠,K20
06,螤27螠,K22
06,螤27螠,K83
06,螤27螠,K85
06,螤27螠,K86
06,螤27螠,C24
06,螤27螠,C25
06,螤28螒,K50
06,螤28螒,K51
06,螤28螒,D12
06,螤28围,K50
06,螤28围,K51
06,螤28围,K52
06,螤28围,K55
06,螤28围,D12
06,螤28螠,D12
06,螤28螠,K50
06,螤28螠,K51
06,螤28螠,K52
06,螤28螠,K55
06,螤46螒,K30
06,螤46螒,K31
06,螤46螒,K35
06,螤46螒,K36
06,螤46螒,K37
06,螤46螒,K38
06,螤46螒,K50
06,螤46螒,K51
06,螤46螒,K58
06,螤46螒,K59
06,螤46螒,K63
06,螤46螒,K66
06,螤46螒,K80
06,螤46螒,K81
06,螤46螒,K82
06,螤46螒,K83
06,螤46螒,K85
06,螤46螒,K86
06,螤46螒,K87
06,螤50围,K23
06,螤50围,K30
06,螤50围,K59
06,螤50围,K60
06,螤50围,K61
06,螤50围,K62
06,螤50围,K63
06,螤50围,K87
06,螤50围,K92
06,螤50螠,K23
06,螤50螠,K30
06,螤50螠,K59
06,螤50螠,K60
06,螤50螠,K61
06,螤50螠,K62
06,螤50螠,K63
06,螤50螠,K87
06,螤50螠,K92
07,螚08围,K80
07,螚08围,K81
07,螚08围,K82
07,螚42螠,K85
07,螚01围,C22
07,螚07围,C23
07,螚02围,C24
07,螚01围,C25
07,螚07围,K80
07,螚07围,K81
07,螚07围,K82
07,螚42围,K85
07,螚01螠,C22
07,螚01围,C23
07,螚01螠,C25
08,螠01螠,M00
08,螠01螠,M02
08,螠01螠,M05
08,螠01螠,M06
08,螠01螠,M08
08,螠01螠,M10
08,螠01螠,M11
08,螠01螠,M12
08,螠01螠,M13
08,螠01螠,M15
08,螠01螠,M16
08,螠01螠,M17
08,螠01螠,M18
08,螠01螠,M19
08,螠01螠,M20
08,螠01螠,M21
08,螠01螠,M22
08,螠01螠,M23
08,螠01螠,M24
08,螠01螠,M25
08,螠01围,M00
08,螠01围,M02
08,螠01围,M05
08,螠01围,M06
08,螠01围,M08
08,螠01围,M10
08,螠01围,M11
08,螠01围,M12
08,螠01围,M13
08,螠01围,M15
08,螠01围,M16
08,螠01围,M17
08,螠01围,M18
08,螠01围,M19
08,螠01围,M20
08,螠01围,M21
08,螠01围,M22
08,螠01围,M23
08,螠01围,M24
08,螠01围,M25
08,螠01螠,S90
08,螠01螠,S91
08,螠01螠,S92
08,螠01螠,S93
08,螠01螠,S94
08,螠01螠,S95
08,螠01螠,S96
08,螠01螠,S97
08,螠01螠,S98
08,螠01螠,S99
08,螠01围,S90
08,螠01围,S91
08,螠01围,S92
08,螠01围,S93
08,螠01围,S94
08,螠01围,S95
08,螠01围,S96
08,螠01围,S97
08,螠01围,S98
08,螠01围,S99
08,螠02螠,S90
08,螠02螠,S91
08,螠02螠,S92
08,螠02螠,S93
08,螠02螠,S94
08,螠02螠,S95
08,螠02螠,S96
08,螠02螠,S97
08,螠02螠,S98
08,螠02螠,S99
08,螠02螠,S80
08,螠02螠,S81
08,螠02螠,S82
08,螠02螠,S83
08,螠02螠,S84
08,螠02螠,S85
08,螠02螠,S86
08,螠02螠,S87
08,螠02螠,S88
08,螠02螠,S89
08,螠02螠,S41
08,螠02螠,S48
08,螠02螠,S49
08,螠02螠,S51
08,螠02螠,S58
08,螠02螠,S59
08,螠02螠,S71
08,螠02螠,S78
08,螠02螠,S79
08,螠02螠,T00
08,螠02螠,T01
08,螠02螠,T02
08,螠02螠,T03
08,螠02螠,T04
08,螠02螠,T05
08,螠02螠,T06
08,螠02螠,T07
08,螠02螠,T08
08,螠02螠,T09
08,螠02螠,T10
08,螠02螠,T11
08,螠02螠,T12
08,螠02螠,T13
08,螠02螠,T14
08,螠02螠,T33
08,螠02螠,T34
08,螠02螠,T35
08,螠02围,S41
08,螠02围,S48
08,螠02围,S49
08,螠02围,S51
08,螠02围,S58
08,螠02围,S59
08,螠02围,S71
08,螠02围,S78
08,螠02围,S79
08,螠02围,S80
08,螠02围,S81
08,螠02围,S82
08,螠02围,S83
08,螠02围,S84
08,螠02围,S85
08,螠02围,S86
08,螠02围,S87
08,螠02围,S88
08,螠02围,S89
08,螠02围,S90
08,螠02围,S91
08,螠02围,S92
08,螠02围,S93
08,螠02围,S94
08,螠02围,S95
08,螠02围,S96
08,螠02围,S97
08,螠02围,S98
08,螠02围,S99
08,螠02围,T00
08,螠02围,T01
08,螠02围,T02
08,螠02围,T03
08,螠02围,T04
08,螠02围,T05
08,螠02围,T06
08,螠02围,T07
08,螠02围,T08
08,螠02围,T09
08,螠02围,T10
08,螠02围,T11
08,螠02围,T12
08,螠02围,T13
08,螠02围,T14
08,螠02围,T33
08,螠02围,T34
08,螠02围,T35
08,螠03螠,Q74
08,螠03螠,C40
08,螠03螠,C41
08,螠03螠,M05
08,螠03螠,M06
08,螠03螠,M11
08,螠03螠,M12
08,螠03螠,M13
08,螠03螠,M15
08,螠03螠,M16
08,螠03螠,M19
08,螠03螠,M24
08,螠03螠,M25
08,螠03螠,M32
08,螠03螠,M84
08,螠03螠,M87
08,螠03围,C40
08,螠03围,C41
08,螠03围,M05
08,螠03围,M06
08,螠03围,M11
08,螠03围,M12
08,螠03围,M13
08,螠03围,M15
08,螠03围,M16
08,螠03围,M19
08,螠03围,M24
08,螠03围,M25
08,螠03围,M32
08,螠03围,M84
08,螠03围,M87
08,螠03围,Q74
08,螠04螠,C40
08,螠04螠,C41
08,螠04螠,M05
08,螠04螠,M06
08,螠04螠,M11
08,螠04螠,M12
08,螠04螠,M13
08,螠04螠,M15
08,螠04螠,M16
08,螠04螠,M19
08,螠04螠,M24
08,螠04螠,M25
08,螠04螠,M32
08,螠04螠,M84
08,螠04螠,M87
08,螠04螠,Q74
08,螠04螠,S82
08,螠04螠,M17
08,螠04螠,M21
08,螠04螠,M89
08,螠04螠,M93
08,螠04螠,M95
08,螠04螠,M99
08,螠04围,C40
08,螠04围,C41
08,螠04围,M05
08,螠04围,M06
08,螠04围,M11
08,螠04围,M12
08,螠04围,M13
08,螠04围,M15
08,螠04围,M16
08,螠04围,M17
08,螠04围,M19
08,螠04围,M21
08,螠04围,M24
08,螠04围,M25
08,螠04围,M32
08,螠04围,M84
08,螠04围,M87
08,螠04围,M89
08,螠04围,M93
08,螠04围,M95
08,螠04围,M99
08,螠04围,Q74
08,螠04围,S82
08,螠06螒,M40
08,螠06螒,M41
08,螠06螒,M42
08,螠06螒,M45
08,螠06螒,M46
08,螠06螒,M47
08,螠06螒,M48
08,螠06螒,M50
08,螠06螒,M51
08,螠06螒,M53
08,螠06螒,M54
08,螠06螒,C41
08,螠06螒,S10
08,螠06螒,S11
08,螠06螒,S12
08,螠06螒,S13
08,螠06螒,S14
08,螠06螒,S16
08,螠06螒,S17
08,螠06螒,S18
08,螠06螒,S19
08,螠06螒,S20
08,螠06螒,S21
08,螠06螒,S22
08,螠06螒,S23
08,螠06螒,S24
08,螠06螒,S28
08,螠06螒,S29
08,螠06螒,S30
08,螠06螒,S31
08,螠06螒,S32
08,螠06螒,S33
08,螠06螒,S34
08,螠06螒,S37
08,螠06螒,S38
08,螠06螒,S39
08,螠08螠,C40
08,螠08螠,C41
08,螠08螠,M05
08,螠08螠,M80
08,螠08螠,M84
08,螠08螠,M96
08,螠08螠,S72
08,螠08螠,S79
08,螠08围,C40
08,螠08围,C41
08,螠08围,M05
08,螠08围,M80
08,螠08围,M84
08,螠08围,M96
08,螠08围,S72
08,螠08围,S79
08,螠09螠,C41
08,螠09螠,M40
08,螠09螠,M41
08,螠09螠,M42
08,螠09螠,M45
08,螠09螠,M46
08,螠09螠,M47
08,螠09螠,M48
08,螠09螠,M50
08,螠09螠,M51
08,螠09螠,M53
08,螠09螠,M54
08,螠09螠,S10
08,螠09螠,S11
08,螠09螠,S12
08,螠09螠,S13
08,螠09螠,S14
08,螠09螠,S16
08,螠09螠,S17
08,螠09螠,S18
08,螠09螠,S19
08,螠09螠,S20
08,螠09螠,S21
08,螠09螠,S22
08,螠09螠,S23
08,螠09螠,S24
08,螠09螠,S28
08,螠09螠,S29
08,螠09螠,S30
08,螠09螠,S31
08,螠09螠,S32
08,螠09螠,S33
08,螠09螠,S34
08,螠09螠,S37
08,螠09螠,S38
08,螠09螠,S39
08,螠09围,C41
08,螠09围,M40
08,螠09围,M41
08,螠09围,M42
08,螠09围,M45
08,螠09围,M46
08,螠09围,M47
08,螠09围,M48
08,螠09围,M50
08,螠09围,M51
08,螠09围,M53
08,螠09围,M54
08,螠09围,S10
08,螠09围,S11
08,螠09围,S12
08,螠09围,S13
08,螠09围,S14
08,螠09围,S16
08,螠09围,S17
08,螠09围,S18
08,螠09围,S19
08,螠09围,S20
08,螠09围,S21
08,螠09围,S22
08,螠09围,S23
08,螠09围,S24
08,螠09围,S28
08,螠09围,S29
08,螠09围,S30
08,螠09围,S31
08,螠09围,S32
08,螠09围,S33
08,螠09围,S34
08,螠09围,S37
08,螠09围,S38
08,螠09围,S39
08,螠10螠,C41
08,螠10螠,M40
08,螠10螠,M41
08,螠10螠,M42
08,螠10螠,M45
08,螠10螠,M46
08,螠10螠,M47
08,螠10螠,M48
08,螠10螠,M50
08,螠10螠,M51
08,螠10螠,M53
08,螠10螠,M54
08,螠10螠,S10
08,螠10螠,S11
08,螠10螠,S12
08,螠10螠,S13
08,螠10螠,S14
08,螠10螠,S16
08,螠10螠,S17
08,螠10螠,S18
08,螠10螠,S19
08,螠10螠,S20
08,螠10螠,S21
08,螠10螠,S22
08,螠10螠,S23
08,螠10螠,S24
08,螠10螠,S28
08,螠10螠,S29
08,螠10螠,S30
08,螠10螠,S31
08,螠10螠,S32
08,螠10螠,S33
08,螠10螠,S34
08,螠10螠,S37
08,螠10螠,S38
08,螠10螠,S39
08,螠10围,C41
08,螠10围,M40
08,螠10围,M41
08,螠10围,M42
08,螠10围,M45
08,螠10围,M46
08,螠10围,M47
08,螠10围,M48
08,螠10围,M50
08,螠10围,M51
08,螠10围,M53
08,螠10围,M54
08,螠10围,S10
08,螠10围,S11
08,螠10围,S12
08,螠10围,S13
08,螠10围,S14
08,螠10围,S16
08,螠10围,S17
08,螠10围,S18
08,螠10围,S19
08,螠10围,S20
08,螠10围,S21
08,螠10围,S22
08,螠10围,S23
08,螠10围,S24
08,螠10围,S28
08,螠10围,S29
08,螠10围,S30
08,螠10围,S31
08,螠10围,S32
08,螠10围,S33
08,螠10围,S34
08,螠10围,S37
08,螠10围,S38
08,螠10围,S39
08,螠12螠螒,M02
08,螠12螠螒,M05
08,螠12螠螒,M06
08,螠12螠螒,M08
08,螠12螠螒,M10
08,螠12螠螒,M11
08,螠12螠螒,M12
08,螠12螠螒,M13
08,螠12螠螒,M86
08,螠12螠螒,M90
08,螠12螠螔,M02
08,螠12螠螔,M05
08,螠12螠螔,M06
08,螠12螠螔,M08
08,螠12螠螔,M10
08,螠12螠螔,M11
08,螠12螠螔,M12
08,螠12螠螔,M13
08,螠12螠螔,M86
08,螠12螠螔,M90
08,螠12围,M02
08,螠12围,M05
08,螠12围,M06
08,螠12围,M08
08,螠12围,M10
08,螠12围,M11
08,螠12围,M12
08,螠12围,M13
08,螠12围,M86
08,螠12围,M90
08,螠18螒,M17
08,螠18螒,M19
08,螠18螒,M22
08,螠18螒,M23
08,螠18螒,M24
08,螠20螒,M20
08,螠20螒,M21
08,螠21螒,S70
08,螠21螒,S71
08,螠21螒,S72
08,螠21螒,S73
08,螠21螒,S74
08,螠21螒,S75
08,螠21螒,S76
08,螠21螒,S77
08,螠21螒,S78
08,螠21螒,S79
08,螠23螒,S12
08,螠23螒,S23
08,螠23螒,S32
08,螠23螒,S33
08,螠23螒,S40
08,螠23螒,S49
08,螠23螒,S41
08,螠23螒,S42
08,螠23螒,S43
08,螠23螒,S44
08,螠23螒,S45
08,螠23螒,S46
08,螠23螒,S47
08,螠23螒,S48
08,螠23螒,S50
08,螠23螒,S51
08,螠23螒,S52
08,螠23螒,S53
08,螠23螒,S54
08,螠23螒,S55
08,螠23螒,S56
08,螠23螒,S57
08,螠23螒,S58
08,螠23螒,S59
08,螠23螒,S60
08,螠23螒,S61
08,螠23螒,S62
08,螠23螒,S63
08,螠23螒,S64
08,螠23螒,S65
08,螠23螒,S66
08,螠23螒,S67
08,螠23螒,S68
08,螠23螒,S69
08,螠23螒,S80
08,螠23螒,S81
08,螠23螒,S82
08,螠23螒,S83
08,螠23螒,S84
08,螠23螒,S85
08,螠23螒,S86
08,螠23螒,S87
08,螠23螒,S88
08,螠23螒,S89
08,螠23螒,S90
08,螠23螒,S91
08,螠23螒,S92
08,螠23螒,S93
08,螠23螒,S94
08,螠23螒,S95
08,螠23螒,S96
08,螠23螒,S97
08,螠23螒,S98
08,螠23螒,S99
08,螠23螒,T00
08,螠23螒,T01
08,螠23螒,T02
08,螠23螒,T03
08,螠23螒,T04
08,螠23螒,T05
08,螠23螒,T06
08,螠23螒,T07
08,螠23螒,T08
08,螠23螒,T09
08,螠23螒,T10
08,螠23螒,T11
08,螠23螒,T12
08,螠23螒,T13
08,螠23螒,T14
08,螠24螒,M00
08,螠24螒,M02
08,螠24螒,M05
08,螠24螒,M06
08,螠24螒,M08
08,螠24螒,M10
08,螠24螒,M11
08,螠24螒,M12
08,螠24螒,M13
08,螠24螒,M15
08,螠24螒,M16
08,螠24螒,M17
08,螠24螒,M18
08,螠24螒,M19
08,螠24螒,M20
08,螠24螒,M21
08,螠24螒,M22
08,螠24螒,M23
08,螠24螒,M24
08,螠24螒,M25
08,螠25螠,C40
08,螠25螠,C41
08,螠25螠,M83
08,螠25螠,M84
08,螠25螠,M85
08,螠25螠,M86
08,螠25螠,M87
08,螠25螠,M88
08,螠25螠,M89
08,螠25螠,M90
08,螠25围,C40
08,螠25围,C41
08,螠25围,M83
08,螠25围,M84
08,螠25围,M85
08,螠25围,M86
08,螠25围,M87
08,螠25围,M88
08,螠25围,M89
08,螠25围,M90
08,螠31螠,C40
08,螠31螠,C41
08,螠31螠,M05
08,螠31螠,M06
08,螠31螠,M11
08,螠31螠,M12
08,螠31螠,M13
08,螠31螠,M15
08,螠31螠,M16
08,螠31螠,M19
08,螠31螠,M24
08,螠31螠,M25
08,螠31螠,M32
08,螠31螠,M84
08,螠31螠,M87
08,螠31螠,Q74
08,螠31围,C40
08,螠31围,C41
08,螠31围,M05
08,螠31围,M06
08,螠31围,M11
08,螠31围,M12
08,螠31围,M13
08,螠31围,M15
08,螠31围,M16
08,螠31围,M19
08,螠31围,M24
08,螠31围,M25
08,螠31围,M32
08,螠31围,M84
08,螠31围,M87
08,螠31围,Q74
08,螠31螠,S70
08,螠31螠,S71
08,螠31螠,S72
08,螠31螠,S73
08,螠31螠,S74
08,螠31螠,S75
08,螠31螠,S76
08,螠31螠,S77
08,螠31螠,S78
08,螠31螠,S79
08,螠31围,S70
08,螠31围,S71
08,螠31围,S72
08,螠31围,S73
08,螠31围,S74
08,螠31围,S75
08,螠31围,S76
08,螠31围,S77
08,螠31围,S78
08,螠31围,S79
08,螠32螠螒,M00
08,螠32螠螒,M02
08,螠32螠螒,M05
08,螠32螠螒,M06
08,螠32螠螒,M08
08,螠32螠螒,M10
08,螠32螠螒,M11
08,螠32螠螒,M12
08,螠32螠螒,M13
08,螠32螠螒,M15
08,螠32螠螒,M16
08,螠32螠螒,M17
08,螠32螠螒,M18
08,螠32螠螒,M19
08,螠32螠螒,M20
08,螠32螠螒,M21
08,螠32螠螒,M22
08,螠32螠螒,M23
08,螠32螠螒,M24
08,螠32螠螒,M25
08,螠32螠螒,C40
08,螠32螠螒,C41
08,螠32螠螒,S80
08,螠32螠螒,S81
08,螠32螠螒,S82
08,螠32螠螒,S83
08,螠32螠螒,S84
08,螠32螠螒,S85
08,螠32螠螒,S86
08,螠32螠螒,S87
08,螠32螠螒,S88
08,螠32螠螒,S89
08,螠32螠螔,C40
08,螠32螠螔,C41
08,螠32螠螔,M00
08,螠32螠螔,M02
08,螠32螠螔,M05
08,螠32螠螔,M06
08,螠32螠螔,M08
08,螠32螠螔,M10
08,螠32螠螔,M11
08,螠32螠螔,M12
08,螠32螠螔,M13
08,螠32螠螔,M15
08,螠32螠螔,M16
08,螠32螠螔,M17
08,螠32螠螔,M18
08,螠32螠螔,M19
08,螠32螠螔,M20
08,螠32螠螔,M21
08,螠32螠螔,M22
08,螠32螠螔,M23
08,螠32螠螔,M24
08,螠32螠螔,M25
08,螠32螠螔,S80
08,螠32螠螔,S81
08,螠32螠螔,S82
08,螠32螠螔,S83
08,螠32螠螔,S84
08,螠32螠螔,S85
08,螠32螠螔,S86
08,螠32螠螔,S87
08,螠32螠螔,S88
08,螠32螠螔,S89
08,螠32围,C40
08,螠32围,C41
08,螠32围,M00
08,螠32围,M02
08,螠32围,M05
08,螠32围,M06
08,螠32围,M08
08,螠32围,M10
08,螠32围,M11
08,螠32围,M12
08,螠32围,M13
08,螠32围,M15
08,螠32围,M16
08,螠32围,M17
08,螠32围,M18
08,螠32围,M19
08,螠32围,M20
08,螠32围,M21
08,螠32围,M22
08,螠32围,M23
08,螠32围,M24
08,螠32围,M25
08,螠32围,S80
08,螠32围,S81
08,螠32围,S82
08,螠32围,S83
08,螠32围,S84
08,螠32围,S85
08,螠32围,S86
08,螠32围,S87
08,螠32围,S88
08,螠32围,S89
08,螠27螠,M60
08,螠27螠,M61
08,螠27螠,M62
08,螠27螠,M65
08,螠27螠,M66
08,螠27螠,M67
08,螠27螠,M70
08,螠27螠,M71
08,螠27螠,M72
08,螠27螠,M75
08,螠27螠,M76
08,螠27螠,M77
08,螠27螠,M79
08,螠27围,M60
08,螠27围,M61
08,螠27围,M62
08,螠27围,M65
08,螠27围,M66
08,螠27围,M67
08,螠27围,M70
08,螠27围,M71
08,螠27围,M72
08,螠27围,M75
08,螠27围,M76
08,螠27围,M77
08,螠27围,M79
08,螠28螠,M95
08,螠28螠,M96
08,螠28螠,M99
08,螠28围,M95
08,螠28围,M96
08,螠28围,M99
08,螠60螒,S72
08,螠60螒,S70
08,螠60螒,S71
08,螠60螒,S74
08,螠60螒,S75
08,螠60螒,S76
08,螠60螒,S77
08,螠60螒,S78
08,螠60螒,S79
08,螠61螠,S70
08,螠61螠,S71
08,螠61螠,S72
08,螠61螠,S74
08,螠61螠,S75
08,螠61螠,S76
08,螠61螠,S77
08,螠61螠,S78
08,螠61螠,S79
08,螠61围,S70
08,螠61围,S71
08,螠61围,S72
08,螠61围,S74
08,螠61围,S75
08,螠61围,S76
08,螠61围,S77
08,螠61围,S78
08,螠61围,S79
08,螠63螠,S70
08,螠63螠,S71
08,螠63螠,S73
08,螠63螠,S74
08,螠63螠,S75
08,螠63螠,S76
08,螠63螠,S77
08,螠63螠,S78
08,螠63螠,S79
08,螠63围,S70
08,螠63围,S71
08,螠63围,S73
08,螠63围,S74
08,螠63围,S75
08,螠63围,S76
08,螠63围,S77
08,螠63围,S78
08,螠63围,S79
08,螠65螠,C40
08,螠65螠,C41
08,螠65围,C40
08,螠65围,C41
08,螠66螠,M05
08,螠66螠,M06
08,螠66螠,M08
08,螠66螠,M10
08,螠66螠,M11
08,螠66螠,M12
08,螠66螠,M13
08,螠66围,M05
08,螠66围,M06
08,螠66围,M08
08,螠66围,M10
08,螠66围,M11
08,螠66围,M12
08,螠66围,M13
08,螠67螠,M00
08,螠67螠,M02
08,螠67围,M00
08,螠67围,M02
08,螠69螠,M00
08,螠69螠,M02
08,螠69螠,M05
08,螠69螠,M06
08,螠69螠,M08
08,螠69螠,M10
08,螠69螠,M11
08,螠69螠,M12
08,螠69螠,M13
08,螠69螠,M15
08,螠69螠,M16
08,螠69螠,M17
08,螠69螠,M18
08,螠69螠,M19
08,螠69螠,M20
08,螠69螠,M21
08,螠69螠,M22
08,螠69螠,M23
08,螠69螠,M24
08,螠69螠,M25
08,螠69围,M00
08,螠69围,M02
08,螠69围,M05
08,螠69围,M06
08,螠69围,M08
08,螠69围,M10
08,螠69围,M11
08,螠69围,M12
08,螠69围,M13
08,螠69围,M15
08,螠69围,M16
08,螠69围,M17
08,螠69围,M18
08,螠69围,M19
08,螠69围,M20
08,螠69围,M21
08,螠69围,M22
08,螠69围,M23
08,螠69围,M24
08,螠69围,M25
08,螠71螠,M60
08,螠71螠,M61
08,螠71螠,M62
08,螠71螠,M65
08,螠71螠,M66
08,螠71螠,M67
08,螠71螠,M70
08,螠71螠,M71
08,螠71螠,M72
08,螠71螠,M75
08,螠71螠,M76
08,螠71螠,M77
08,螠71螠,M79
08,螠71围,M60
08,螠71围,M61
08,螠71围,M62
08,螠71围,M63
08,螠71围,M65
08,螠71围,M66
08,螠71围,M67
08,螠71围,M68
08,螠71围,M70
08,螠71围,M71
08,螠71围,M72
08,螠71围,M73
08,螠71围,M75
08,螠71围,M76
08,螠71围,M77
08,螠71围,M79
08,螠72螠,M61
08,螠72螠,M62
08,螠72螠,M63
08,螠72螠,M65
08,螠72螠,M66
08,螠72螠,M67
08,螠74螒,S60
08,螠74螒,S61
08,螠74螒,S62
08,螠74螒,S63
08,螠74螒,S64
08,螠74螒,S65
08,螠74螒,S66
08,螠74螒,S67
08,螠74螒,S68
08,螠74螒,S69
08,螠74螒,S50
08,螠74螒,S51
08,螠74螒,S52
08,螠74螒,S56
08,螠77螠,S32
08,螠77螠,S33
08,螠77围,S32
08,螠77围,S33
08,螠78螠,S72
08,螠78围,S72
08,螠79螠,C40
08,螠79螠,C41
08,螠79螠,M80
08,螠79螠,M82
08,螠79螠,M83
08,螠79螠,M84
08,螠79螠,M85
08,螠79螠,M86
08,螠79螠,M87
08,螠79螠,M88
08,螠79螠,M89
08,螠79螠,M90
08,螠79围,C40
08,螠79围,C41
08,螠79围,M80
08,螠79围,M82
08,螠79围,M83
08,螠79围,M84
08,螠79围,M85
08,螠79围,M86
08,螠79围,M87
08,螠79围,M88
08,螠79围,M89
08,螠79围,M90
08,螠75螠,S40
08,螠75螠,S41
08,螠75螠,S42
08,螠75螠,S43
08,螠75螠,S44
08,螠75螠,S45
08,螠75螠,S46
08,螠75螠,S47
08,螠75螠,S48
08,螠75螠,S49
08,螠75螠,S50
08,螠75螠,S53
08,螠75螠,S82
08,螠75螠,S83
08,螠75螠,S90
08,螠75螠,S91
08,螠75螠,S92
08,螠75螠,S93
08,螠75螠,S94
08,螠75螠,S95
08,螠75螠,S96
08,螠75螠,S97
08,螠75螠,S98
08,螠75螠,S99
08,螠75围,S40
08,螠75围,S41
08,螠75围,S42
08,螠75围,S43
08,螠75围,S44
08,螠75围,S45
08,螠75围,S46
08,螠75围,S47
08,螠75围,S48
08,螠75围,S49
08,螠75围,S50
08,螠75围,S53
08,螠75围,S82
08,螠75围,S83
08,螠75围,S90
08,螠75围,S91
08,螠75围,S92
08,螠75围,S93
08,螠75围,S94
08,螠75围,S95
08,螠75围,S96
08,螠75围,S97
08,螠75围,S98
08,螠75围,S99
08,螠76螠,M21
08,螠76螠,M22
08,螠76螠,M23
08,螠76螠,M24
08,螠76螠,M30
08,螠76螠,M31
08,螠76螠,M32
08,螠76螠,M33
08,螠76螠,M34
08,螠76螠,M35
08,螠76螠,M36
08,螠76螠,M70
08,螠76螠,M71
08,螠76螠,M75
08,螠76螠,M76
08,螠76螠,M79
08,螠76螠,M80
08,螠76螠,M81
08,螠76螠,M82
08,螠76螠,M85
08,螠76螠,M87
08,螠76螠,M88
08,螠76螠,M89
08,螠76螠,M91
08,螠76螠,M92
08,螠76螠,M93
08,螠76螠,M94
08,螠76围,M21
08,螠76围,M22
08,螠76围,M23
08,螠76围,M24
08,螠76围,M30
08,螠76围,M31
08,螠76围,M32
08,螠76围,M33
08,螠76围,M34
08,螠76围,M35
08,螠76围,M36
08,螠76围,M70
08,螠76围,M71
08,螠76围,M75
08,螠76围,M76
08,螠76围,M79
08,螠76围,M80
08,螠76围,M81
08,螠76围,M82
08,螠76围,M85
08,螠76围,M87
08,螠76围,M88
08,螠76围,M89
08,螠76围,M91
08,螠76围,M92
08,螠76围,M93
08,螠76围,M94
08,螠73螠,M00
08,螠73螠,M01
08,螠73螠,M02
08,螠73螠,M13
08,螠73螠,M14
08,螠73螠,M15
08,螠73螠,M03
08,螠73螠,M05
08,螠73螠,M06
08,螠73螠,M10
08,螠73螠,M11
08,螠73螠,M12
08,螠73螠,M16
08,螠73螠,M17
08,螠73螠,M18
08,螠73螠,M19
08,螠73螠,M20
08,螠73螠,M21
08,螠73螠,M22
08,螠73螠,M23
08,螠73螠,M24
08,螠73螠,M25
08,螠73螠,M30
08,螠73螠,M31
08,螠73螠,M32
08,螠73螠,M33
08,螠73螠,M34
08,螠73螠,M35
08,螠73螠,M36
08,螠73螠,M40
08,螠73螠,M41
08,螠73螠,M42
08,螠73螠,M43
08,螠73螠,M45
08,螠73螠,M46
08,螠73螠,M47
08,螠73螠,M48
08,螠73螠,M49
08,螠73螠,M50
08,螠73螠,M51
08,螠73螠,M53
08,螠73螠,M54
08,螠73螠,M60
08,螠73螠,M61
08,螠73螠,M62
08,螠73螠,M63
08,螠73螠,M65
08,螠73螠,M66
08,螠73螠,M67
08,螠73螠,M68
08,螠73螠,M70
08,螠73螠,M71
08,螠73螠,M72
08,螠73螠,M73
08,螠73螠,M75
08,螠73螠,M76
08,螠73螠,M77
08,螠73螠,M79
08,螠73螠,M80
08,螠73螠,M81
08,螠73螠,M82
08,螠73螠,M83
08,螠73螠,M84
08,螠73螠,M85
08,螠73螠,M88
08,螠73螠,M89
08,螠73螠,M90
08,螠73螠,M91
08,螠73螠,M92
08,螠73螠,M93
08,螠73螠,M94
08,螠73螠,M95
08,螠73螠,M96
08,螠73螠,M99
08,螠73螠,S00
08,螠73螠,S01
08,螠73螠,S02
08,螠73螠,S03
08,螠73螠,S04
08,螠73螠,S05
08,螠73螠,S06
08,螠73螠,S09
08,螠73螠,S10
08,螠73螠,S11
08,螠73螠,S12
08,螠73螠,S13
08,螠73螠,S14
08,螠73螠,S15
08,螠73螠,S16
08,螠73螠,S17
08,螠73螠,S18
08,螠73螠,S19
08,螠73螠,S20
08,螠73螠,S21
08,螠73螠,S22
08,螠73螠,S23
08,螠73螠,S24
08,螠73螠,S25
08,螠73螠,S26
08,螠73螠,S27
08,螠73螠,S28
08,螠73螠,S29
08,螠73螠,S30
08,螠73螠,S31
08,螠73螠,S32
08,螠73螠,S33
08,螠73螠,S34
08,螠73螠,S35
08,螠73螠,S36
08,螠73螠,S37
08,螠73螠,S38
08,螠73螠,S39
08,螠73螠,S40
08,螠73螠,S41
08,螠73螠,S42
08,螠73螠,S43
08,螠73螠,S44
08,螠73螠,S45
08,螠73螠,S46
08,螠73螠,S47
08,螠73螠,S48
08,螠73螠,S49
08,螠73螠,S50
08,螠73螠,S51
08,螠73螠,S52
08,螠73螠,S53
08,螠73螠,S54
08,螠73螠,S55
08,螠73螠,S56
08,螠73螠,S57
08,螠73螠,S58
08,螠73螠,S59
08,螠73螠,S60
08,螠73螠,S61
08,螠73螠,S62
08,螠73螠,S63
08,螠73螠,S64
08,螠73螠,S65
08,螠73螠,S66
08,螠73螠,S67
08,螠73螠,S68
08,螠73螠,S69
08,螠73螠,S70
08,螠73螠,S71
08,螠73螠,S72
08,螠73螠,S73
08,螠73螠,S74
08,螠73螠,S75
08,螠73螠,S76
08,螠73螠,S77
08,螠73螠,S78
08,螠73螠,S79
08,螠73螠,S80
08,螠73螠,S81
08,螠73螠,S82
08,螠73螠,S83
08,螠73螠,S84
08,螠73螠,S85
08,螠73螠,S86
08,螠73螠,S87
08,螠73螠,S88
08,螠73螠,S89
08,螠73螠,S90
08,螠73螠,S91
08,螠73螠,S92
08,螠73螠,S93
08,螠73螠,S94
08,螠73螠,S95
08,螠73螠,S96
08,螠73螠,S97
08,螠73螠,S98
08,螠73螠,S99
09,螖01围,Q83
09,螖01围,C50
09,螖01螠,C50
09,螖01螠,Q83
09,螖06螒,Z90
09,螖06螒,Z44
09,螖06螒,T85
09,螖06螒,Q83
09,螖06螒,C50
09,螖07螒,S20
09,螖07螒,D24
09,螖07螒,D03
09,螖07螒,D05
09,螖07螒,D04
09,螖07螒,C50
09,螖08围,T14
09,螖08螠,T14
09,螖09螒,L05
09,螖10螒,N61
09,螖10螒,D22
09,螖10螒,D23
09,螖10螒,D05
09,螖10螒,D04
09,螖10螒,D17
09,螖10螒,D18
09,螖10螒,D20
09,螖10螒,E65
09,螖10螒,L90
09,螖10螒,E88
09,螖11螒,D18
09,螖11螒,D22
09,螖11螒,E88
09,螖12围螒,L89
09,螖12围螒,L97
09,螖12围螒,I83
09,螖12螠,L89
09,螖12螠,L97
09,螖12螠,I83
09,螖12围螔,L89
09,螖12围螔,L97
09,螖12围螔,I83
09,螖13螠,D20
09,螖13围,D20
09,螖13围,E65
09,螖13围,E88
09,螖13围,D17
09,螖14螒,Z90
09,螖14螒,Z44
09,螖14螒,Z41
09,螖14螒,T85
09,螖14螒,C50
09,螖14螒,D05
09,螖14螒,Q83
09,螖20螒,L89
09,螖20螒,L97
09,螖20螠,L89
09,螖20螠,L97
09,螖20围,L89
09,螖20围,L97
09,螖22螠,D05
09,螖22围,D05
09,螖23螠,Q83
09,螖23螠,N64
09,螖23螠,N60
09,螖23螠,N61
09,螖23螠,T85
09,螖23围,Q83
09,螖23围,D24
09,螖23围,N60
09,螖23围,N61
09,螖24螠,L03
09,螖24围,L03
09,螖25螠,T14
09,螖25螠,S00
09,螖25螠,S08
09,螖25螠,S11
09,螖25螠,S16
09,螖25螠,S20
09,螖25螠,S38
09,螖25螠,S41
09,螖25螠,S50
09,螖25螠,S51
09,螖25螠,S60
09,螖25螠,S61
09,螖25螠,S68
09,螖25螠,S69
09,螖25螠,S70
09,螖25螠,S80
09,螖25螠,S90
09,螖25围,S00
09,螖25围,S08
09,螖25围,S11
09,螖25围,S16
09,螖25围,S20
09,螖25围,S38
09,螖25围,S41
09,螖25围,S50
09,螖25围,S51
09,螖25围,S60
09,螖25围,S61
09,螖25围,S68
09,螖25围,S69
09,螖25围,S70
09,螖25围,S80
09,螖25围,S90
09,螖25围,T14
09,螖25围,S01
09,螖25围,S30
09,螖27螠,D23
09,螖27螠,L56
09,螖27螠,L92
09,螖27螠,L91
09,螖27螠,L90
09,螖27螠,L81
09,螖27螠,L74
09,螖27螠,L71
09,螖27螠,L05
09,螖27螠,L01
09,螖27螠,T14
09,螖27围,D22
09,螖27围,D23
09,螖27围,L82
09,螖27围,L84
09,螖27围,L85
09,螖27围,L56
09,螖27围,T14
09,螖27围,L92
09,螖27围,L91
09,螖27围,L90
09,螖27围,L81
09,螖27围,L74
09,螖27围,L72
09,螖27围,L60
09,螖27围,L57
09,螖27围,L05
09,螖27围,L03
09,螖28螒,D22
09,螖28螒,L10
09,螖28螒,Q82
09,螖28螠,D22
09,螖28螠,D23
09,螖28螠,D17
09,螖28围,D17
09,螖28围,D22
09,螖28围,D23
09,螖29螒,C43
09,螖29螒,C44
09,螖29螒,C79
09,螖29螒,D03
09,螖29螒,D04
09,螖29围,C43
09,螖29围,C44
09,螖29围,C79
09,螖29围,D03
09,螖29围,D04
09,螖29螠,C43
09,螖29螠,C44
09,螖29螠,C79
09,螖29螠,D03
09,螖29螠,D04
10,螛01螠,E11
10,螛01螠,E12
10,螛01螠,E13
10,螛01螠,E14
10,螛01围,E11
10,螛01围,E12
10,螛01围,E13
10,螛01围,E14
10,螛07螒,E65
10,螛20螒,E10
10,螛20螒,E11
10,螛20螠,E10
10,螛20螠,E11
10,螛20围,E11
10,螛21螒,E41
10,螛21螒,E42
10,螛21螒,E43
10,螛21螒,E45
10,螛21螒,E52
10,螛21螒,E54
10,螛21螒,E58
10,螛21螒,E59
10,螛21螒,E60
10,螛04螠,E68
10,螛09围螔,E34
10,螛23螠,E71
10,螛24螠,E15
10,螛24围,E01
10,螛24围,E02
10,螛24围,E90
10,螛06螠,C73
10,螛06围,D34
10,螛22螠,E89
10,螛22围,E86
10,螛22螠,E86
10,螛24螠,C73
10,螛24围,D34
10,螛24围,D35
11,违02围,N00
11,违02围,N01
11,违02围,N03
11,违02围,N04
11,违02围,N05
11,违02围,N07
11,违02围,N08
11,违02围,N10
11,违02围,N11
11,违02围,N14
11,违02围,N15
11,违02围,N16
11,违02围,N17
11,违02围,N18
11,违02围,N19
11,违02围,N25
11,违02围,N26
11,违03围,C64
11,违03围,C65
11,违03围,C66
11,违03围,C67
11,违06围,N32
11,违07围,C64
11,违07围,C65
11,违07围,C66
11,违07围,C67
11,违07围,N21
11,违08围,N35
11,违08围,N36
11,违08围,N37
11,违20螒,C68
11,违21螒,N37
11,违21螒,C68
11,违20围,N00
11,违20围,N01
11,违20围,N03
11,违20围,N04
11,违20围,N05
11,违20围,N07
11,违20围,N08
11,违20围,N10
11,违20围,N11
11,违20围,N14
11,违20围,N15
11,违20围,N16
11,违20围,N17
11,违20围,N18
11,违20围,N19
11,违20围,N25
11,违20围,N26
11,违21螒,N00
11,违21螒,N01
11,违21螒,N03
11,违21螒,N04
11,违21螒,N05
11,违21螒,N07
11,违21螒,N08
11,违21螒,N10
11,违21螒,N11
11,违21螒,N14
11,违21螒,N15
11,违21螒,N16
11,违21螒,N17
11,违21螒,N18
11,违21螒,N19
11,违21螒,N25
11,违21螒,N26
11,违22围,C64
11,违22围,C65
11,违22围,C66
11,违22围,C67
11,违23围,N27
11,违23围,N30
11,违23围,N34
11,违24螒,N22
11,违24螒,N23
11,违25围,N02
11,违25围,N06
11,违25围,N31
11,违27围,N28
11,违27围,N29
11,违28螒,N00
11,违28螒,N01
11,违28螒,N03
11,违28螒,N04
11,违28螒,N05
11,违28螒,N07
11,违28螒,N08
11,违28螒,N10
11,违28螒,N11
11,违28螒,N14
11,违28螒,N15
11,违28螒,N16
11,违28螒,N17
11,违28螒,N18
11,违28螒,N19
11,违28螒,N25
11,违28螒,N26
12,螔05螒,N47
12,螔05螒,N48
12,螔04螒,N43
12,螔04螒,N44
12,螔23螒,N46
12,螔20围,C61
12,螔20围,C60
12,螔20围,C62
13,螕04围,N71
13,螕04围,N73
13,螕04围,N74
13,螕04围,N80
13,螕04围,N81
13,螕04围,N92
13,螕05围,N70
13,螕05围,N83
13,螕21螒,N70
13,螕21螒,N71
13,螕21螒,N72
13,螕21螒,N73
13,螕21螒,N74
13,螕21螒,N76
13,螕21螒,N77
13,螕21螒,N82
13,螕09螒,N72
13,螕09螒,N75
13,螕09螒,N76
13,螕09螒,N77
13,螕09螒,N84
13,螕09螒,N86
13,螕09螒,N87
13,螕09螒,N88
13,螕09螒,N89
13,螕09螒,N90
13,螕09螒,N96
13,螕10螒,N71
13,螕10螒,N72
13,螕10螒,N74
13,螕10螒,N80
13,螕10螒,N84
13,螕10螒,N85
13,螕10螒,N86
13,螕10螒,N91
13,螕10螒,N92
13,螕10螒,N93
13,螕10螒,N96
13,螕10螒,N97
13,螕10螒,N99
13,螕08螒,N70
13,螕08螒,N72
13,螕08螒,N73
13,螕08螒,N74
13,螕08螒,N80
13,螕08螒,N83
13,螕08螒,N91
13,螕08螒,N94
13,螕08螒,N96
13,螕08螒,N97
13,螕08螒,N98
13,螕08螒,N99
13,螕08螒,D07
13,螕06围,N81
13,螕06围,Q51
13,螕06围,Q52
13,螕06螠,N81
13,螕06螠,Q51
13,螕06螠,Q52
13,螕04螠,N71
13,螕04螠,N73
13,螕04螠,N74
13,螕04螠,N80
13,螕04螠,N81
13,螕04螠,N92
13,螕05螠,N70
13,螕05螠,N83
13,螕20围,C52
13,螕20围,C51
13,螕20围,C53
13,螕20围,C54
13,螕20围,C55
13,螕20围,C56
13,螕20围,C57
13,螕20围,C58
13,螕20螠,C51
13,螕20螠,C52
13,螕20螠,C53
13,螕20螠,C54
13,螕20螠,C55
13,螕20螠,C56
13,螕20螠,C57
13,螕20螠,C58
13,螕20螠,N99
13,螕12围,C53
13,螕12围,C54
13,螕12围,C55
13,螕12围,C58
13,螕12螠,C53
13,螕12螠,C54
13,螕12螠,C55
13,螕12螠,C58
13,螕12螠,N99
13,螕01螒,C51
13,螕01螒,C53
13,螕01螒,C54
13,螕01螒,C55
13,螕01螒,C56
13,螕07螒,N72
13,螕07螒,N75
13,螕07螒,N77
13,螕07螒,N87
13,螕07螒,N96
13,螕07螒,N97
13,螕07螒,N98
14,螞01围,O82
14,螞02螠,O10
14,螞02螠,O28
14,螞02螠,O46
14,螞02螠,O60
14,螞02螠,O67
14,螞02螠,O72
14,螞02螠,O74
14,螞02螠,O75
14,螞02螠,O91
14,螞02螠,O98
14,螞02螠,O99
14,螞02围,O61
14,螞02围,O63
14,螞02围,O68
14,螞02围,O69
14,螞02围,O70
14,螞02围,O80
14,螞02围,O81
14,螞02围,O91
14,螞02围,O96
14,螞02围,O98
14,螞02围,Z37
14,螞02围,Z39
14,螞04螠,O08
14,螞21螒,Z39
14,螞05螒,O06
14,螞05螒,O04
14,螞05螒,O05
14,螞26螒,Z36
14,螞26螒,Z21
14,螞26螒,Z22
14,螞26螒,Z35
14,螞20螒,Z37
14,螞26螒,A34
14,螞26螒,P95
14,螞26螒,O16
14,螞26螒,O21
14,螞26螒,O23
14,螞26螒,O25
14,螞26螒,O26
14,螞26螒,Z32
14,螞04螠,O71
14,螞04螠,O88
14,螞04螠,O95
14,螞04螠,O96
14,螞04螠,O97
14,螞04围,O71
14,螞03螠,O00
14,螞03螠,O07
14,螞03围,O00
14,螞26螒,O11
14,螞26螒,O12
14,螞26螒,O13
14,螞26螒,O14
14,螞26螒,O15
14,螞26螒,O20
14,螞26螒,O22
14,螞26螒,O24
14,螞26螒,O29
14,螞26螒,O30
14,螞26螒,O31
14,螞26螒,O35
14,螞26螒,O40
14,螞26螒,O42
14,螞26螒,O43
14,螞26螒,O44
14,螞26螒,O45
14,螞26螒,O48
14,螞26螒,O60
14,螞26螒,O86
14,螞26螒,O98
14,螞26螒,O99
14,螞23螒,O03
14,螞23螒,O04
14,螞23螒,O05
14,螞23螒,O06
14,螞23螒,O07
16,螢01螒,D55
16,螢01螒,D56
16,螢01螒,D57
16,螢01螒,D58
16,螢01螒,D59
16,螢01螒,D64
16,螢01螒,D69
16,螢01螒,D73
16,螢01螒,D75
16,螢01螒,D76
16,螢01螒,D77
16,螢02螠,D56
16,螢02螠,D57
16,螢02螠,D58
16,螢02螠,D59
16,螢02螠,D68
16,螢02螠,D69
16,螢02螠,D76
16,螢02螠,D80
16,螢02螠,D81
16,螢02螠,D82
16,螢02螠,D84
16,螢02围,D56
16,螢02围,D57
16,螢02围,D58
16,螢02围,D59
16,螢02围,D68
16,螢02围,D69
16,螢02围,D76
16,螢02围,D80
16,螢02围,D81
16,螢02围,D82
16,螢02围,D84
16,螢20螠,D70
16,螢20螠,D71
16,螢20螠,D72
16,螢20螠,D73
16,螢20螠,D75
16,螢20螠,D76
16,螢20螠,D77
16,螢20螠,D80
16,螢20螠,D81
16,螢20螠,D82
16,螢20螠,D83
16,螢20螠,D84
16,螢20围螒,D70
16,螢20围螒,D71
16,螢20围螒,D72
16,螢20围螒,D73
16,螢20围螒,D75
16,螢20围螒,D76
16,螢20围螒,D77
16,螢20围螒,D80
16,螢20围螒,D81
16,螢20围螒,D82
16,螢20围螒,D83
16,螢20围螒,D84
16,螢20围螔,D70
16,螢20围螔,D71
16,螢20围螔,D72
16,螢20围螔,D73
16,螢20围螔,D75
16,螢20围螔,D76
16,螢20围螔,D77
16,螢20围螔,D80
16,螢20围螔,D81
16,螢20围螔,D82
16,螢20围螔,D83
16,螢20围螔,D84
16,螢21螠,D50
16,螢21螠,D51
16,螢21螠,D52
16,螢21螠,D53
16,螢21螠,D55
16,螢21螠,D56
16,螢21螠,D57
16,螢21螠,D58
16,螢21螠,D59
16,螢21螠,D60
16,螢21螠,D61
16,螢21螠,D64
16,螢21围,D50
16,螢21围,D51
16,螢21围,D52
16,螢21围,D53
16,螢21围,D55
16,螢21围,D56
16,螢21围,D57
16,螢21围,D58
16,螢21围,D59
16,螢21围,D60
16,螢21围,D61
16,螢21围,D64
17,危02螠,C00
17,危02螠,C01
17,危02螠,C02
17,危02螠,C03
17,危02螠,D37
17,危02螠,D38
17,危02螠,D39
17,危02螠,D40
17,危02螠,D41
17,危02螠,D42
17,危02螠,D43
17,危02螠,D44
17,危02螠,D45
17,危02螠,D46
17,危02螠,D47
17,危02螠,D48
17,危02螠,D60
17,危02螠,D61
17,危02螠,D59
17,危02螠,D75
17,危02螠,D76
17,危01螠,C81
17,危01螠,C82
17,危01螠,C83
17,危01螠,C84
17,危01螠,C85
17,危01螠,C88
17,危01螠,C90
17,危01螠,C91
17,危01螠,C92
17,危01螠,C93
17,危01螠,C94
17,危01螠,C95
17,危01螠,C96
17,危02螠,C10
17,危02螠,C11
17,危02螠,C12
17,危02螠,C13
17,危02螠,C14
17,危02螠,C15
17,危02螠,C16
17,危02螠,C17
17,危02螠,C18
17,危02螠,C19
17,危02螠,C20
17,危02螠,C21
17,危02螠,C22
17,危02螠,C23
17,危02螠,C24
17,危02螠,C25
17,危02螠,C26
17,危02螠,C30
17,危02螠,C31
17,危02螠,C32
17,危02螠,C33
17,危02螠,C34
17,危02螠,C37
17,危02螠,C38
17,危02螠,C39
17,危02螠,C50
17,危02螠,C51
17,危02螠,C52
17,危02螠,C53
17,危02螠,C54
17,危02螠,C55
17,危02螠,C56
17,危02螠,C57
17,危02螠,C58
17,危02螠,C60
17,危02螠,C61
17,危02螠,C62
17,危02螠,C63
17,危02螠,C64
17,危02螠,C65
17,危02螠,C66
17,危02螠,C67
17,危02螠,C68
17,危02螠,C69
17,危02螠,C70
17,危02螠,C71
17,危02螠,C72
17,危02螠,C73
17,危02螠,C74
17,危02螠,C75
17,危02螠,C76
17,危02螠,C77
17,危02螠,C78
17,危02螠,C79
17,危02螠,C80
17,危02螠,C81
17,危02螠,C82
17,危02螠,C83
17,危02螠,C84
17,危02螠,C85
17,危02螠,C88
17,危02螠,C97
17,危20螠,C91
17,危20螠,C92
17,危20螠,C93
17,危20螠,C94
17,危20螠,C95
17,危21螠,C80
17,危21螠,C81
17,危21螠,C82
17,危21螠,C83
17,危21螠,C84
17,危21螠,C85
17,危21螠,C91
17,危21螠,C92
17,危21螠,C93
17,危21螠,C94
17,危21螠,C95
17,危21螠,C96
17,危21螠,C97
18,巍20螠,N10
18,巍20螠,J13
18,巍20螠,J14
18,巍20螠,J15
18,巍20螠,J16
18,巍20螠,J17
18,巍20螠,J18
18,巍20螠,L03
18,巍20螠,A40
18,巍20螠,A41
18,巍20螠,O00
18,巍20螠,O01
18,巍20螠,O02
18,巍20螠,O03
18,巍20螠,O04
18,巍20螠,O05
18,巍20螠,O06
18,巍20螠,O07
18,巍20螠,O85
18,巍20螠,P36
18,巍20围,N10
18,巍20围,J13
18,巍20围,J14
18,巍20围,J15
18,巍20围,J16
18,巍20围,J17
18,巍20围,J18
18,巍20围,L03
18,巍20围,A40
18,巍20围,A41
18,巍20围,O00
18,巍20围,O01
18,巍20围,O02
18,巍20围,O03
18,巍20围,O04
18,巍20围,O05
18,巍20围,O06
18,巍20围,O07
18,巍20围,O85
18,巍20围,P36
18,巍22螠,R50
18,巍22围,R50
18,巍24螠螒,B50
18,巍24螠螒,B55
18,巍24螠螔,B50
18,巍24螠螔,B55
18,巍24围,B50
18,巍24围,B55
18,巍20螒,J13
18,巍20螒,J14
18,巍20螒,J15
18,巍20螒,J16
18,巍20螒,J17
18,巍20螒,J18
18,巍20螒,L03
18,巍20螒,A19
18,巍20螒,A35
19,围41螒,F20
19,围41螒,F21
19,围41螒,F22
19,围41螒,F23
19,围41螒,F24
19,围41螒,F28
19,围41螒,F29
19,围42螠,F20
19,围42螠,F21
19,围42螠,F22
19,围42螠,F23
19,围42螠,F24
19,围42螠,F28
19,围42螠,F29
19,围42螠,F30
19,围42螠,F31
19,围42螠,F32
19,围42螠,F33
19,围42螠,F34
19,围42螠,F39
19,围42螠,F25
19,围42螠,F50
19,围42螠,F42
19,围42围,F22
19,围43螒,F30
19,围43螒,F31
19,围43螒,F32
19,围43螒,F33
19,围43螒,F34
19,围43螒,F39
19,围43螒,F25
19,围44螒,F43
19,围44螒,F44
19,围44螒,F45
19,围44螒,F48
19,围45螒,F40
19,围45螒,F41
19,围46螒,F50
19,围46螒,F42
19,围47螒,F60
19,围47螒,F61
19,围47螒,F62
19,围47螒,F63
19,围47螒,F64
19,围47螒,F65
19,围47螒,F66
19,围47螒,F68
19,围47螒,F69
19,围48螒,F70
19,围48螒,F71
19,围48螒,F72
19,围48螒,F73
19,围48螒,F78
19,围48螒,F79
19,围48螒,F80
19,围48螒,F81
19,围48螒,F82
19,围48螒,F83
19,围48螒,F84
19,围48螒,F88
19,围48螒,F89
19,围48螒,F90
19,围48螒,F91
19,围48螒,F92
19,围48螒,F93
19,围48螒,F94
19,围48螒,F95
19,围48螒,F98
20,螜20螒,F10
21,桅61螒,J30
21,桅61螒,L23
21,桅61螒,Z88
21,桅62螠,K25
21,桅62螠,K26
21,桅62螠,L65
21,桅62螠,R78
21,桅62螠,Y63
21,桅62螠,T36
21,桅62螠,T37
21,桅62螠,T38
21,桅62螠,T39
21,桅62螠,T40
21,桅62螠,T41
21,桅62螠,T42
21,桅62螠,T43
21,桅62螠,T44
21,桅62螠,T45
21,桅62螠,T46
21,桅62螠,T47
21,桅62螠,T48
21,桅62螠,T49
21,桅62螠,T50
21,桅62螠,T52
21,桅62螠,T53
21,桅62螠,T54
21,桅62螠,T55
21,桅62螠,T56
21,桅62螠,T57
21,桅62螠,T58
21,桅62螠,T59
21,桅62螠,T60
21,桅62螠,T61
21,桅62螠,T62
21,桅62螠,T63
21,桅62螠,T64
21,桅62螠,T65
21,桅62围,K25
21,桅62围,K26
21,桅62围,L65
21,桅62围,R78
21,桅62围,Y63
21,桅62围,T36
21,桅62围,T37
21,桅62围,T38
21,桅62围,T39
21,桅62围,T40
21,桅62围,T41
21,桅62围,T42
21,桅62围,T43
21,桅62围,T44
21,桅62围,T45
21,桅62围,T46
21,桅62围,T47
21,桅62围,T48
21,桅62围,T49
21,桅62围,T50
21,桅62围,T52
21,桅62围,T53
21,桅62围,T54
21,桅62围,T55
21,桅62围,T56
21,桅62围,T57
21,桅62围,T58
21,桅62围,T59
21,桅62围,T60
21,桅62围,T61
21,桅62围,T62
21,桅62围,T63
21,桅62围,T64
21,桅62围,T65
21,桅63螠,T80
21,桅63螠,T81
21,桅63围,T80
21,桅63围,T81
22,螙01螒,T27
22,螙01螒,T23
22,螙01螒,T25
22,螙01螒,T35
22,螙01螒,T34
22,螙01螒,T31
22,螙02螠,T26
22,螙02螠,T28
22,螙02螠,T23
22,螙02螠,T21
22,螙02螠,T22
22,螙02螠,T20
22,螙02螠,T32
22,螙02螠,T31
22,螙02螠,T30
22,螙02围,T20
22,螙02围,T21
22,螙02围,T22
22,螙02围,T23
22,螙02围,T26
22,螙02围,T28
22,螙02围,T30
22,螙02围,T31
22,螙02围,T32
22,螙03螒,T23
22,螙02围,T24
22,螙02围,T25
22,螙02围,L55
22,螙03螒,T24
22,螙03螒,T25
22,螙03螒,T22
22,螙21螒,T20
22,螙21螒,T26
22,螙21螒,T28
22,螙21螒,T21
22,螙21螒,T31
22,螙21螒,T32
22,螙21螒,L55
22,螙22螠,L55
22,螙22螠,T26
22,螙22螠,T28
22,螙22螠,T32
22,螙22螠,T29
22,螙22螠,T30
22,螙22螠,T34
22,螙22螠,T35
22,螙22围,T26
22,螙22围,T29
22,螙22围,T30
22,螙22围,T33
22,螙22围,L55
